This is LuaHBTeX, Version 1.24.0 (TeX Live 2026)  (format=lualatex 2026.4.5)  12 APR 2026 19:44
 restricted system commands enabled.
**cliscrape-techreport.tex
(./cliscrape-techreport.tex
LaTeX2e <2025-11-01>
L3 programming layer <2026-01-19>
Lua module: luaotfload 2024-12-03 v3.29 Lua based OpenType font support
Lua module: lualibs 2023-07-13 v2.76 ConTeXt Lua standard libraries.
Lua module: lualibs-extended 2023-07-13 v2.76 ConTeXt Lua libraries -- extended 
collection.
luaotfload | conf : Root cache directory is "/Users/simonknight/Library/texlive/
2026/texmf-var/luatex-cache/generic/names".
luaotfload | init : Loading fontloader "fontloader-2023-12-28.lua" from kpse-res
olved path "/usr/local/texlive/2026/texmf-dist/tex/luatex/luaotfload/fontloader-
2023-12-28.lua".
Lua-only attribute luaotfload@noligature = 1
luaotfload | init : Context OpenType loader version 3.134
Inserting `luaotfload.node_processor' in `pre_linebreak_filter'.
Inserting `luaotfload.node_processor' in `hpack_filter'.
Inserting `luaotfload.glyph_stream' in `glyph_stream_provider'.
Inserting `luaotfload.define_font' in `define_font'.
Lua-only attribute luaotfload_color_attribute = 2
luaotfload | conf : Root cache directory is "/Users/simonknight/Library/texlive/
2026/texmf-var/luatex-cache/generic/names".
Inserting `luaotfload.harf.strip_prefix' in `find_opentype_file'.
Inserting `luaotfload.harf.strip_prefix' in `find_truetype_file'.
Removing  `luaotfload.glyph_stream' from `glyph_stream_provider'.
Inserting `luaotfload.harf.glyphstream' in `glyph_stream_provider'.
Inserting `luaotfload.harf.finalize_vlist' in `post_linebreak_filter'.
Inserting `luaotfload.harf.finalize_hlist' in `hpack_filter'.
Inserting `luaotfload.cleanup_files' in `wrapup_run'.
Inserting `luaotfload.harf.finalize_unicode' in `finish_pdffile'.
Inserting `luaotfload.glyphinfo' in `glyph_info'.
Lua-only attribute luaotfload.letterspace_done = 3
Inserting `luaotfload.aux.set_sscale_dimens' in `luaotfload.patch_font'.
Inserting `luaotfload.aux.set_font_index' in `luaotfload.patch_font'.
Inserting `luaotfload.aux.patch_cambria_domh' in `luaotfload.patch_font'.
Inserting `luaotfload.aux.fixup_fontdata' in `luaotfload.patch_font_unsafe'.
Inserting `luaotfload.aux.set_capheight' in `luaotfload.patch_font'.
Inserting `luaotfload.aux.set_xheight' in `luaotfload.patch_font'.
Inserting `luaotfload.rewrite_fontname' in `luaotfload.patch_font'.
Inserting `tracingstacklevels' in `input_level_string'. (/usr/local/texlive/202
6/texmf-dist/tex/latex/base/article.cls
Document Class: article 2025/01/22 v1.4n Standard LaTeX document class
(/usr/local/texlive/2026/texmf-dist/tex/latex/base/size10.clo
File: size10.clo 2025/01/22 v1.4n Standard LaTeX file (size option)
luaotfload | db : Font names database loaded from /Users/simonknight/Library/tex
live/2026/texmf-var/luatex-cache/generic/names/luaotfload-names.luc.gz)
\c@part=\count273
\c@section=\count274
\c@subsection=\count275
\c@subsubsection=\count276
\c@paragraph=\count277
\c@subparagraph=\count278
\c@figure=\count279
\c@table=\count280
\abovecaptionskip=\skip49
\belowcaptionskip=\skip50
\bibindent=\dimen147
)
(/Users/simonknight/dev/papers/sk-techreport.sty
Package: sk-techreport 2026/03/30 SK tech report preamble - v2.6

(/usr/local/texlive/2026/texmf-dist/tex/latex/geometry/geometry.sty
Package: geometry 2026/03/07 v6.0 Page Geometry

(/usr/local/texlive/2026/texmf-dist/tex/latex/graphics/keyval.sty
Package: keyval 2022/05/29 v1.15 key=value parser (DPC)
\KV@toks@=\toks17
)
(/usr/local/texlive/2026/texmf-dist/tex/generic/iftex/ifvtex.sty
Package: ifvtex 2019/10/25 v1.7 ifvtex legacy package. Use iftex instead.

(/usr/local/texlive/2026/texmf-dist/tex/generic/iftex/iftex.sty
Package: iftex 2024/12/12 v1.0g TeX engine tests
))
\Gm@cnth=\count281
\Gm@cntv=\count282
\c@Gm@tempcnt=\count283
\Gm@bindingoffset=\dimen148
\Gm@wd@mp=\dimen149
\Gm@odd@mp=\dimen150
\Gm@even@mp=\dimen151
\Gm@layoutwidth=\dimen152
\Gm@layoutheight=\dimen153
\Gm@layouthoffset=\dimen154
\Gm@layoutvoffset=\dimen155
\Gm@dimlist=\toks18
)
(/usr/local/texlive/2026/texmf-dist/tex/latex/parskip/parskip.sty
Package: parskip 2021-03-14 v2.0h non-zero parskip adjustments

(/usr/local/texlive/2026/texmf-dist/tex/latex/kvoptions/kvoptions.sty
Package: kvoptions 2022-06-15 v3.15 Key value format for package options (HO)

(/usr/local/texlive/2026/texmf-dist/tex/generic/ltxcmds/ltxcmds.sty
Package: ltxcmds 2023-12-04 v1.26 LaTeX kernel commands for general use (HO)
)
(/usr/local/texlive/2026/texmf-dist/tex/latex/kvsetkeys/kvsetkeys.sty
Package: kvsetkeys 2022-10-05 v1.19 Key value parser (HO)
))
(/usr/local/texlive/2026/texmf-dist/tex/latex/etoolbox/etoolbox.sty
Package: etoolbox 2025/10/02 v2.5m e-TeX tools for LaTeX (JAW)
\etb@tempcnta=\count284
))
(/usr/local/texlive/2026/texmf-dist/tex/latex/mathtools/mathtools.sty
Package: mathtools 2024/10/04 v1.31 mathematical typesetting tools

(/usr/local/texlive/2026/texmf-dist/tex/latex/tools/calc.sty
Package: calc 2025/03/01 v4.3b Infix arithmetic (KKT,FJ)
\calc@Acount=\count285
\calc@Bcount=\count286
\calc@Adimen=\dimen156
\calc@Bdimen=\dimen157
\calc@Askip=\skip51
\calc@Bskip=\skip52
LaTeX Info: Redefining \setlength on input line 86.
LaTeX Info: Redefining \addtolength on input line 87.
\calc@Ccount=\count287
\calc@Cskip=\skip53
)
(/usr/local/texlive/2026/texmf-dist/tex/latex/mathtools/mhsetup.sty
Package: mhsetup 2021/03/18 v1.4 programming setup (MH)
)
(/usr/local/texlive/2026/texmf-dist/tex/latex/amsmath/amsmath.sty
Package: amsmath 2025/07/09 v2.17z AMS math features
\@mathmargin=\skip54

For additional information on amsmath, use the `?' option.
(/usr/local/texlive/2026/texmf-dist/tex/latex/amsmath/amstext.sty
Package: amstext 2024/11/17 v2.01 AMS text

(/usr/local/texlive/2026/texmf-dist/tex/latex/amsmath/amsgen.sty
File: amsgen.sty 1999/11/30 v2.0 generic functions
\@emptytoks=\toks19
\ex@=\dimen158
))
(/usr/local/texlive/2026/texmf-dist/tex/latex/amsmath/amsbsy.sty
Package: amsbsy 1999/11/29 v1.2d Bold Symbols
\pmbraise@=\dimen159
)
(/usr/local/texlive/2026/texmf-dist/tex/latex/amsmath/amsopn.sty
Package: amsopn 2022/04/08 v2.04 operator names
)
\inf@bad=\count288
LaTeX Info: Redefining \frac on input line 235.
\uproot@=\count289
\leftroot@=\count290
LaTeX Info: Redefining \overline on input line 398.
LaTeX Info: Redefining \colon on input line 409.
\classnum@=\count291
\DOTSCASE@=\count292
LaTeX Info: Redefining \ldots on input line 495.
LaTeX Info: Redefining \dots on input line 498.
LaTeX Info: Redefining \cdots on input line 619.
\Mathstrutbox@=\box53
\strutbox@=\box54
LaTeX Info: Redefining \big on input line 721.
LaTeX Info: Redefining \Big on input line 722.
LaTeX Info: Redefining \bigg on input line 723.
LaTeX Info: Redefining \Bigg on input line 724.
\big@size=\dimen160
LaTeX Font Info:    Redeclaring font encoding OML on input line 742.
LaTeX Font Info:    Redeclaring font encoding OMS on input line 743.
\macc@depth=\count293
LaTeX Info: Redefining \bmod on input line 904.
LaTeX Info: Redefining \pmod on input line 909.
LaTeX Info: Redefining \smash on input line 939.
LaTeX Info: Redefining \relbar on input line 969.
LaTeX Info: Redefining \Relbar on input line 970.
\c@MaxMatrixCols=\count294
\dotsspace@=\muskip17
\c@parentequation=\count295
\dspbrk@lvl=\count296
\tag@help=\toks20
\row@=\count297
\column@=\count298
\maxfields@=\count299
\andhelp@=\toks21
\eqnshift@=\dimen161
\alignsep@=\dimen162
\tagshift@=\dimen163
\tagwidth@=\dimen164
\totwidth@=\dimen165
\lineht@=\dimen166
\@envbody=\toks22
\multlinegap=\skip55
\multlinetaggap=\skip56
\mathdisplay@stack=\toks23
LaTeX Info: Redefining \[ on input line 2950.
LaTeX Info: Redefining \] on input line 2951.
)
\g_MT_multlinerow_int=\count300
\l_MT_multwidth_dim=\dimen167
\origjot=\skip57
\l_MT_shortvdotswithinadjustabove_dim=\dimen168
\l_MT_shortvdotswithinadjustbelow_dim=\dimen169
\l_MT_above_intertext_sep=\dimen170
\l_MT_below_intertext_sep=\dimen171
\l_MT_above_shortintertext_sep=\dimen172
\l_MT_below_shortintertext_sep=\dimen173
\xmathstrut@box=\box55
\xmathstrut@dim=\dimen174
)
(/usr/local/texlive/2026/texmf-dist/tex/latex/fontspec/fontspec.sty
(/usr/local/texlive/2026/texmf-dist/tex/latex/l3packages/xparse/xparse.sty
(/usr/local/texlive/2026/texmf-dist/tex/latex/l3kernel/expl3.sty
Package: expl3 2026-01-19 L3 programming layer (loader) 

(/usr/local/texlive/2026/texmf-dist/tex/latex/l3backend/l3backend-luatex.def
File: l3backend-luatex.def 2025-10-09 L3 backend support: PDF output (LuaTeX)
\l__color_backend_stack_int=\count301
Inserting `l3color' in `luaotfload.parse_color'.))
Package: xparse 2025-10-09 L3 Experimental document command parser
)
Package: fontspec 2025/09/29 v2.9g Font selection for XeLaTeX and LuaLaTeX
Lua module: fontspec 2025/09/29 v2.9g Font selection for XeLaTeX and LuaLaTeX (/usr/local/texlive/2026/texmf-dist/tex/latex/fontspec/fontspec-luatex.sty
Package: fontspec-luatex 2025/09/29 v2.9g Font selection for XeLaTeX and LuaLaT
eX
\l__fontspec_script_int=\count302
\l__fontspec_language_int=\count303
\l__fontspec_strnum_int=\count304
\l__fontspec_tmp_int=\count305
\l__fontspec_tmpa_int=\count306
\l__fontspec_tmpb_int=\count307
\l__fontspec_tmpc_int=\count308
\l__fontspec_em_int=\count309
\l__fontspec_emdef_int=\count310
\l__fontspec_strong_int=\count311
\l__fontspec_strongdef_int=\count312
\l__fontspec_tmpa_dim=\dimen175
\l__fontspec_tmpb_dim=\dimen176
\l__fontspec_tmpc_dim=\dimen177

(/usr/local/texlive/2026/texmf-dist/tex/latex/base/fontenc.sty
Package: fontenc 2025/07/18 v2.1d Standard LaTeX package
)
(/usr/local/texlive/2026/texmf-dist/tex/latex/fontspec/fontspec.cfg)))
luaotfload | cache : Lookup cache loaded from /Users/simonknight/Library/texlive
/2026/texmf-var/luatex-cache/generic/names/luaotfload-lookup-cache.luc.

Package fontspec Info: 
(fontspec)             Fira Mono scale = 0.85.


Package fontspec Info: 
(fontspec)             Fira Mono scale = 0.85.


Package fontspec Info: 
(fontspec)             Fira Mono/B scale = 0.85.


Package fontspec Info: 
(fontspec)             Fira Mono/I scale = 0.85.


Package fontspec Info: 
(fontspec)             Fira Mono/BI scale = 0.85.


Package fontspec Info: 
(fontspec)             Font family 'FiraMono(0)' created for font 'Fira Mono'
(fontspec)             with options
(fontspec)             [WordSpace={1,0,0},HyphenChar=None,PunctuationSpace=Word
Space,Scale=0.85].
(fontspec)              
(fontspec)              This font family consists of the following NFSS
(fontspec)             series/shapes:
(fontspec)              
(fontspec)             - 'normal' (m/n) with NFSS spec.: <->s*[0.85]"name:Fira
(fontspec)             Mono:mode=node;script=latn;language=dflt;"
(fontspec)             - 'bold' (b/n) with NFSS spec.: <->s*[0.85]"name:Fira
(fontspec)             Mono/B:mode=node;script=latn;language=dflt;"
(fontspec)             - 'italic' (m/it) with NFSS spec.:
(fontspec)             <->s*[0.85]"name:Fira
(fontspec)             Mono/I:mode=node;script=latn;language=dflt;"
(fontspec)             - 'bold italic' (b/it) with NFSS spec.:
(fontspec)             <->s*[0.85]"name:Fira
(fontspec)             Mono/BI:mode=node;script=latn;language=dflt;"


(/usr/local/texlive/2026/texmf-dist/tex/latex/libertinus-otf/libertinus-otf.sty
Package: libertinus-otf 2025/12/16 v. 0.34 (Herbert Voss) Supports libertinus f
onts for lualatex and xelatex.
(/usr/local/texlive/2026/texmf-dist/tex/latex/xkeyval/xkeyval.sty
Package: xkeyval 2025/11/04 v2.10 package option processing (HA)

(/usr/local/texlive/2026/texmf-dist/tex/generic/xkeyval/xkeyval.tex
(/usr/local/texlive/2026/texmf-dist/tex/generic/xkeyval/xkvutils.tex
\XKV@toks=\toks24
\XKV@tempa@toks=\toks25
\XKV@tempb@toks=\toks26
)
\XKV@depth=\count313
File: xkeyval.tex 2014/12/03 v2.7a key=value parser (HA)
))
(/usr/local/texlive/2026/texmf-dist/tex/latex/unicode-math/unicode-math.sty
Package: unicode-math 2023/08/13 v0.8r Unicode maths in XeLaTeX and LuaLaTeX

(/usr/local/texlive/2026/texmf-dist/tex/latex/unicode-math/unicode-math-luatex.
sty
Package: unicode-math-luatex 2023/08/13 v0.8r Unicode maths in XeLaTeX and LuaL
aTeX

(/usr/local/texlive/2026/texmf-dist/tex/latex/l3packages/l3keys2e/l3keys2e.sty
Package: l3keys2e 2025-10-09 LaTeX2e option processing using LaTeX3 keys
) (/usr/local/texlive/2026/texmf-dist/tex/latex/base/fix-cm.sty
Package: fix-cm 2020/11/24 v1.1t fixes to LaTeX

(/usr/local/texlive/2026/texmf-dist/tex/latex/base/ts1enc.def
File: ts1enc.def 2001/06/05 v3.0e (jk/car/fm) Standard LaTeX file
LaTeX Font Info:    Redeclaring font encoding TS1 on input line 47.
LaTeX Encoding Info:    Redeclaring text command \capitalcedilla (encoding TS1)
 on input line 49.
LaTeX Encoding Info:    Redeclaring text command \capitalogonek (encoding TS1) 
on input line 52.
LaTeX Encoding Info:    Redeclaring text command \capitalgrave (encoding TS1) o
n input line 55.
LaTeX Encoding Info:    Redeclaring text command \capitalacute (encoding TS1) o
n input line 56.
LaTeX Encoding Info:    Redeclaring text command \capitalcircumflex (encoding T
S1) on input line 57.
LaTeX Encoding Info:    Redeclaring text command \capitaltilde (encoding TS1) o
n input line 58.
LaTeX Encoding Info:    Redeclaring text command \capitaldieresis (encoding TS1
) on input line 59.
LaTeX Encoding Info:    Redeclaring text command \capitalhungarumlaut (encoding
 TS1) on input line 60.
LaTeX Encoding Info:    Redeclaring text command \capitalring (encoding TS1) on
 input line 61.
LaTeX Encoding Info:    Redeclaring text command \capitalcaron (encoding TS1) o
n input line 62.
LaTeX Encoding Info:    Redeclaring text command \capitalbreve (encoding TS1) o
n input line 63.
LaTeX Encoding Info:    Redeclaring text command \capitalmacron (encoding TS1) 
on input line 64.
LaTeX Encoding Info:    Redeclaring text command \capitaldotaccent (encoding TS
1) on input line 65.
LaTeX Encoding Info:    Redeclaring text command \t (encoding TS1) on input lin
e 66.
LaTeX Encoding Info:    Redeclaring text command \capitaltie (encoding TS1) on 
input line 67.
LaTeX Encoding Info:    Redeclaring text command \newtie (encoding TS1) on inpu
t line 68.
LaTeX Encoding Info:    Redeclaring text command \capitalnewtie (encoding TS1) 
on input line 69.
LaTeX Encoding Info:    Redeclaring text symbol \textcapitalcompwordmark (encod
ing TS1) on input line 70.
LaTeX Encoding Info:    Redeclaring text symbol \textascendercompwordmark (enco
ding TS1) on input line 71.
LaTeX Encoding Info:    Redeclaring text symbol \textquotestraightbase (encodin
g TS1) on input line 72.
LaTeX Encoding Info:    Redeclaring text symbol \textquotestraightdblbase (enco
ding TS1) on input line 73.
LaTeX Encoding Info:    Redeclaring text symbol \texttwelveudash (encoding TS1)
 on input line 74.
LaTeX Encoding Info:    Redeclaring text symbol \textthreequartersemdash (encod
ing TS1) on input line 75.
LaTeX Encoding Info:    Redeclaring text symbol \textleftarrow (encoding TS1) o
n input line 76.
LaTeX Encoding Info:    Redeclaring text symbol \textrightarrow (encoding TS1) 
on input line 77.
LaTeX Encoding Info:    Redeclaring text symbol \textblank (encoding TS1) on in
put line 78.
LaTeX Encoding Info:    Redeclaring text symbol \textdollar (encoding TS1) on i
nput line 79.
LaTeX Encoding Info:    Redeclaring text symbol \textquotesingle (encoding TS1)
 on input line 80.
LaTeX Encoding Info:    Redeclaring text command \textasteriskcentered (encodin
g TS1) on input line 81.
LaTeX Encoding Info:    Redeclaring text symbol \textdblhyphen (encoding TS1) o
n input line 92.
LaTeX Encoding Info:    Redeclaring text symbol \textfractionsolidus (encoding 
TS1) on input line 93.
LaTeX Encoding Info:    Redeclaring text symbol \textzerooldstyle (encoding TS1
) on input line 94.
LaTeX Encoding Info:    Redeclaring text symbol \textoneoldstyle (encoding TS1)
 on input line 95.
LaTeX Encoding Info:    Redeclaring text symbol \texttwooldstyle (encoding TS1)
 on input line 96.
LaTeX Encoding Info:    Redeclaring text symbol \textthreeoldstyle (encoding TS
1) on input line 97.
LaTeX Encoding Info:    Redeclaring text symbol \textfouroldstyle (encoding TS1
) on input line 98.
LaTeX Encoding Info:    Redeclaring text symbol \textfiveoldstyle (encoding TS1
) on input line 99.
LaTeX Encoding Info:    Redeclaring text symbol \textsixoldstyle (encoding TS1)
 on input line 100.
LaTeX Encoding Info:    Redeclaring text symbol \textsevenoldstyle (encoding TS
1) on input line 101.
LaTeX Encoding Info:    Redeclaring text symbol \texteightoldstyle (encoding TS
1) on input line 102.
LaTeX Encoding Info:    Redeclaring text symbol \textnineoldstyle (encoding TS1
) on input line 103.
LaTeX Encoding Info:    Redeclaring text symbol \textlangle (encoding TS1) on i
nput line 104.
LaTeX Encoding Info:    Redeclaring text symbol \textminus (encoding TS1) on in
put line 105.
LaTeX Encoding Info:    Redeclaring text symbol \textrangle (encoding TS1) on i
nput line 106.
LaTeX Encoding Info:    Redeclaring text symbol \textmho (encoding TS1) on inpu
t line 107.
LaTeX Encoding Info:    Redeclaring text symbol \textbigcircle (encoding TS1) o
n input line 108.
LaTeX Encoding Info:    Redeclaring text command \textcircled (encoding TS1) on
 input line 109.
LaTeX Encoding Info:    Redeclaring text symbol \textohm (encoding TS1) on inpu
t line 115.
LaTeX Encoding Info:    Redeclaring text symbol \textlbrackdbl (encoding TS1) o
n input line 116.
LaTeX Encoding Info:    Redeclaring text symbol \textrbrackdbl (encoding TS1) o
n input line 117.
LaTeX Encoding Info:    Redeclaring text symbol \textuparrow (encoding TS1) on 
input line 118.
LaTeX Encoding Info:    Redeclaring text symbol \textdownarrow (encoding TS1) o
n input line 119.
LaTeX Encoding Info:    Redeclaring text symbol \textasciigrave (encoding TS1) 
on input line 120.
LaTeX Encoding Info:    Redeclaring text symbol \textborn (encoding TS1) on inp
ut line 121.
LaTeX Encoding Info:    Redeclaring text symbol \textdivorced (encoding TS1) on
 input line 122.
LaTeX Encoding Info:    Redeclaring text symbol \textdied (encoding TS1) on inp
ut line 123.
LaTeX Encoding Info:    Redeclaring text symbol \textleaf (encoding TS1) on inp
ut line 124.
LaTeX Encoding Info:    Redeclaring text symbol \textmarried (encoding TS1) on 
input line 125.
LaTeX Encoding Info:    Redeclaring text symbol \textmusicalnote (encoding TS1)
 on input line 126.
LaTeX Encoding Info:    Redeclaring text symbol \texttildelow (encoding TS1) on
 input line 127.
LaTeX Encoding Info:    Redeclaring text symbol \textdblhyphenchar (encoding TS
1) on input line 128.
LaTeX Encoding Info:    Redeclaring text symbol \textasciibreve (encoding TS1) 
on input line 129.
LaTeX Encoding Info:    Redeclaring text symbol \textasciicaron (encoding TS1) 
on input line 130.
LaTeX Encoding Info:    Redeclaring text symbol \textacutedbl (encoding TS1) on
 input line 131.
LaTeX Encoding Info:    Redeclaring text symbol \textgravedbl (encoding TS1) on
 input line 132.
LaTeX Encoding Info:    Redeclaring text symbol \textdagger (encoding TS1) on i
nput line 133.
LaTeX Encoding Info:    Redeclaring text symbol \textdaggerdbl (encoding TS1) o
n input line 134.
LaTeX Encoding Info:    Redeclaring text symbol \textbardbl (encoding TS1) on i
nput line 135.
LaTeX Encoding Info:    Redeclaring text symbol \textperthousand (encoding TS1)
 on input line 136.
LaTeX Encoding Info:    Redeclaring text symbol \textbullet (encoding TS1) on i
nput line 137.
LaTeX Encoding Info:    Redeclaring text symbol \textcelsius (encoding TS1) on 
input line 138.
LaTeX Encoding Info:    Redeclaring text symbol \textdollaroldstyle (encoding T
S1) on input line 139.
LaTeX Encoding Info:    Redeclaring text symbol \textcentoldstyle (encoding TS1
) on input line 140.
LaTeX Encoding Info:    Redeclaring text symbol \textflorin (encoding TS1) on i
nput line 141.
LaTeX Encoding Info:    Redeclaring text symbol \textcolonmonetary (encoding TS
1) on input line 142.
LaTeX Encoding Info:    Redeclaring text symbol \textwon (encoding TS1) on inpu
t line 143.
LaTeX Encoding Info:    Redeclaring text symbol \textnaira (encoding TS1) on in
put line 144.
LaTeX Encoding Info:    Redeclaring text symbol \textguarani (encoding TS1) on 
input line 145.
LaTeX Encoding Info:    Redeclaring text symbol \textpeso (encoding TS1) on inp
ut line 146.
LaTeX Encoding Info:    Redeclaring text symbol \textlira (encoding TS1) on inp
ut line 147.
LaTeX Encoding Info:    Redeclaring text symbol \textrecipe (encoding TS1) on i
nput line 148.
LaTeX Encoding Info:    Redeclaring text symbol \textinterrobang (encoding TS1)
 on input line 149.
LaTeX Encoding Info:    Redeclaring text symbol \textinterrobangdown (encoding 
TS1) on input line 150.
LaTeX Encoding Info:    Redeclaring text symbol \textdong (encoding TS1) on inp
ut line 151.
LaTeX Encoding Info:    Redeclaring text symbol \texttrademark (encoding TS1) o
n input line 152.
LaTeX Encoding Info:    Redeclaring text symbol \textpertenthousand (encoding T
S1) on input line 153.
LaTeX Encoding Info:    Redeclaring text symbol \textpilcrow (encoding TS1) on 
input line 154.
LaTeX Encoding Info:    Redeclaring text symbol \textbaht (encoding TS1) on inp
ut line 155.
LaTeX Encoding Info:    Redeclaring text symbol \textnumero (encoding TS1) on i
nput line 156.
LaTeX Encoding Info:    Redeclaring text symbol \textdiscount (encoding TS1) on
 input line 157.
LaTeX Encoding Info:    Redeclaring text symbol \textestimated (encoding TS1) o
n input line 158.
LaTeX Encoding Info:    Redeclaring text symbol \textopenbullet (encoding TS1) 
on input line 159.
LaTeX Encoding Info:    Redeclaring text symbol \textservicemark (encoding TS1)
 on input line 160.
LaTeX Encoding Info:    Redeclaring text symbol \textlquill (encoding TS1) on i
nput line 161.
LaTeX Encoding Info:    Redeclaring text symbol \textrquill (encoding TS1) on i
nput line 162.
LaTeX Encoding Info:    Redeclaring text symbol \textcent (encoding TS1) on inp
ut line 163.
LaTeX Encoding Info:    Redeclaring text symbol \textsterling (encoding TS1) on
 input line 164.
LaTeX Encoding Info:    Redeclaring text symbol \textcurrency (encoding TS1) on
 input line 165.
LaTeX Encoding Info:    Redeclaring text symbol \textyen (encoding TS1) on inpu
t line 166.
LaTeX Encoding Info:    Redeclaring text symbol \textbrokenbar (encoding TS1) o
n input line 167.
LaTeX Encoding Info:    Redeclaring text symbol \textsection (encoding TS1) on 
input line 168.
LaTeX Encoding Info:    Redeclaring text symbol \textasciidieresis (encoding TS
1) on input line 169.
LaTeX Encoding Info:    Redeclaring text symbol \textcopyright (encoding TS1) o
n input line 170.
LaTeX Encoding Info:    Redeclaring text symbol \textordfeminine (encoding TS1)
 on input line 171.
LaTeX Encoding Info:    Redeclaring text symbol \textcopyleft (encoding TS1) on
 input line 172.
LaTeX Encoding Info:    Redeclaring text symbol \textlnot (encoding TS1) on inp
ut line 173.
LaTeX Encoding Info:    Redeclaring text symbol \textcircledP (encoding TS1) on
 input line 174.
LaTeX Encoding Info:    Redeclaring text symbol \textregistered (encoding TS1) 
on input line 175.
LaTeX Encoding Info:    Redeclaring text symbol \textasciimacron (encoding TS1)
 on input line 176.
LaTeX Encoding Info:    Redeclaring text symbol \textdegree (encoding TS1) on i
nput line 177.
LaTeX Encoding Info:    Redeclaring text symbol \textpm (encoding TS1) on input
 line 178.
LaTeX Encoding Info:    Redeclaring text symbol \texttwosuperior (encoding TS1)
 on input line 179.
LaTeX Encoding Info:    Redeclaring text symbol \textthreesuperior (encoding TS
1) on input line 180.
LaTeX Encoding Info:    Redeclaring text symbol \textasciiacute (encoding TS1) 
on input line 181.
LaTeX Encoding Info:    Redeclaring text symbol \textmu (encoding TS1) on input
 line 182.
LaTeX Encoding Info:    Redeclaring text symbol \textparagraph (encoding TS1) o
n input line 183.
LaTeX Encoding Info:    Redeclaring text symbol \textperiodcentered (encoding T
S1) on input line 184.
LaTeX Encoding Info:    Redeclaring text symbol \textreferencemark (encoding TS
1) on input line 185.
LaTeX Encoding Info:    Redeclaring text symbol \textonesuperior (encoding TS1)
 on input line 186.
LaTeX Encoding Info:    Redeclaring text symbol \textordmasculine (encoding TS1
) on input line 187.
LaTeX Encoding Info:    Redeclaring text symbol \textsurd (encoding TS1) on inp
ut line 188.
LaTeX Encoding Info:    Redeclaring text symbol \textonequarter (encoding TS1) 
on input line 189.
LaTeX Encoding Info:    Redeclaring text symbol \textonehalf (encoding TS1) on 
input line 190.
LaTeX Encoding Info:    Redeclaring text symbol \textthreequarters (encoding TS
1) on input line 191.
LaTeX Encoding Info:    Redeclaring text symbol \texteuro (encoding TS1) on inp
ut line 192.
LaTeX Encoding Info:    Redeclaring text symbol \texttimes (encoding TS1) on in
put line 193.
LaTeX Encoding Info:    Redeclaring text symbol \textdiv (encoding TS1) on inpu
t line 194.
))
(/usr/local/texlive/2026/texmf-dist/tex/lualatex/lualatex-math/lualatex-math.st
y
Package: lualatex-math 2022/01/01 v1.12 Patches for mathematics typesetting wit
h LuaLaTeX
Lua module: lualatex-math 2013/08/03 v1.3 Patches for mathematics typesetting wi
th LuaLaTeX)
\g__um_fam_int=\count314
\g__um_fonts_used_int=\count315
\l__um_primecount_int=\count316
\g__um_primekern_muskip=\muskip18

(/usr/local/texlive/2026/texmf-dist/tex/latex/unicode-math/unicode-math-table.t
ex)))

Package fontspec Info: 
(fontspec)             LibertinusSerif-Regular scale = 1.


Package fontspec Info: 
(fontspec)             LibertinusSerif-Regular scale = 1.


Package fontspec Info: 
(fontspec)             LibertinusSerif-Regular scale = 1.


Package fontspec Info: 
(fontspec)             LibertinusSerif-Bold scale = 1.


Package fontspec Info: 
(fontspec)             LibertinusSerif-Bold scale = 1.


Package fontspec Info: 
(fontspec)             LibertinusSerif-Italic scale = 1.


Package fontspec Info: 
(fontspec)             LibertinusSerif-Italic scale = 1.


Package fontspec Info: 
(fontspec)             LibertinusSerif-Regular scale = 1.


Package fontspec Info: 
(fontspec)             LibertinusSerif-Regular scale = 1.


Package fontspec Info: 
(fontspec)             LibertinusSerif-BoldItalic scale = 1.


Package fontspec Info: 
(fontspec)             LibertinusSerif-BoldItalic scale = 1.


Package fontspec Info: 
(fontspec)             LibertinusSerif-Bold scale = 1.


Package fontspec Info: 
(fontspec)             LibertinusSerif-Bold scale = 1.


Package fontspec Info: 
(fontspec)             Font family 'LibertinusSerif(0)' created for font
(fontspec)             'LibertinusSerif' with options [Ligatures =
(fontspec)             TeX,SmallCapsFeatures={Letters=SmallCaps},RawFeature={+h
v-kern},RawFeature
(fontspec)             = {+tnum;+lnum},Scale = 1,UprightFont =
(fontspec)             *-Regular,ItalicFont = *-Italic,ItalicFeatures = {
(fontspec)             SmallCapsFont = *-Italic },SlantedFont =
(fontspec)             *-Regular,SlantedFeatures= {FakeSlant=0.2},BoldFont =
(fontspec)             *-Bold,BoldFeatures = { SmallCapsFont =
(fontspec)             *-Bold},BoldItalicFont =
(fontspec)             *-BoldItalic,BoldItalicFeatures = { SmallCapsFont =
(fontspec)             *-BoldItalic },BoldSlantedFont=
(fontspec)             *-Bold,BoldSlantedFeatures= {FakeSlant=0.2,
(fontspec)             SmallCapsFont = *-Bold},SmallCapsFont =
(fontspec)             *-Regular,SmallCapsFeatures={Letters=SmallCaps},Extensio
n
(fontspec)             = .otf].
(fontspec)              
(fontspec)              This font family consists of the following NFSS
(fontspec)             series/shapes:
(fontspec)              
(fontspec)             - 'normal' (m/n) with NFSS spec.:
(fontspec)             <->s*[1]"[LibertinusSerif-Regular.otf]:mode=node;script=
latn;language=dflt;+tlig;+hv-kern;+tnum;+lnum;"
(fontspec)             - 'small caps'  (m/sc) with NFSS spec.:
(fontspec)             <->s*[1]"[LibertinusSerif-Regular.otf]:mode=node;script=
latn;language=dflt;+tlig;+hv-kern;+tnum;+lnum;+smcp;"
(fontspec)             - 'bold' (b/n) with NFSS spec.:
(fontspec)             <->s*[1]"[LibertinusSerif-Bold.otf]:mode=node;script=lat
n;language=dflt;+tlig;+hv-kern;+tnum;+lnum;"
(fontspec)             - 'bold small caps'  (b/sc) with NFSS spec.:
(fontspec)             <->s*[1]"[LibertinusSerif-Bold.otf]:mode=node;script=lat
n;language=dflt;+tlig;+hv-kern;+tnum;+lnum;+smcp;"
(fontspec)             - 'italic' (m/it) with NFSS spec.:
(fontspec)             <->s*[1]"[LibertinusSerif-Italic.otf]:mode=node;script=l
atn;language=dflt;+tlig;+hv-kern;+tnum;+lnum;"
(fontspec)             - 'italic small caps'  (m/scit) with NFSS spec.:
(fontspec)             <->s*[1]"[LibertinusSerif-Italic.otf]:mode=node;script=l
atn;language=dflt;+tlig;+hv-kern;+tnum;+lnum;+smcp;"
(fontspec)             - 'slanted' (m/sl) with NFSS spec.:
(fontspec)             <->s*[1]"[LibertinusSerif-Regular.otf]:mode=node;script=
latn;language=dflt;slant=0.2;+tlig;+hv-kern;+tnum;+lnum;"
(fontspec)             - 'slanted small caps'  (m/scsl) with NFSS spec.:
(fontspec)             <->s*[1]"[LibertinusSerif-Regular.otf]:mode=node;script=
latn;language=dflt;slant=0.2;+tlig;+hv-kern;+tnum;+lnum;+smcp;"
(fontspec)             - 'bold italic' (b/it) with NFSS spec.:
(fontspec)             <->s*[1]"[LibertinusSerif-BoldItalic.otf]:mode=node;scri
pt=latn;language=dflt;+tlig;+hv-kern;+tnum;+lnum;"
(fontspec)             - 'bold italic small caps'  (b/scit) with NFSS spec.:
(fontspec)             <->s*[1]"[LibertinusSerif-BoldItalic.otf]:mode=node;scri
pt=latn;language=dflt;+tlig;+hv-kern;+tnum;+lnum;+smcp;"
(fontspec)             - 'bold slanted' (b/sl) with NFSS spec.:
(fontspec)             <->s*[1]"[LibertinusSerif-Bold.otf]:mode=node;script=lat
n;language=dflt;slant=0.2;+tlig;+hv-kern;+tnum;+lnum;"
(fontspec)             - 'bold slanted small caps'  (b/scsl) with NFSS spec.:
(fontspec)             <->s*[1]"[LibertinusSerif-Bold.otf]:mode=node;script=lat
n;language=dflt;slant=0.2;+tlig;+hv-kern;+tnum;+lnum;+smcp;"


Package fontspec Info: 
(fontspec)             LibertinusSerif-Regular scale = 1.


Package fontspec Info: 
(fontspec)             LibertinusSerif-Regular scale = 1.


Package fontspec Info: 
(fontspec)             LibertinusSerif-Regular scale = 1.


Package fontspec Info: 
(fontspec)             LibertinusSerif-Bold scale = 1.


Package fontspec Info: 
(fontspec)             LibertinusSerif-Bold scale = 1.


Package fontspec Info: 
(fontspec)             LibertinusSerif-Italic scale = 1.


Package fontspec Info: 
(fontspec)             LibertinusSerif-Italic scale = 1.


Package fontspec Info: 
(fontspec)             LibertinusSerif-Regular scale = 1.


Package fontspec Info: 
(fontspec)             LibertinusSerif-Regular scale = 1.


Package fontspec Info: 
(fontspec)             LibertinusSerif-BoldItalic scale = 1.


Package fontspec Info: 
(fontspec)             LibertinusSerif-BoldItalic scale = 1.


Package fontspec Info: 
(fontspec)             LibertinusSerif-Bold scale = 1.


Package fontspec Info: 
(fontspec)             LibertinusSerif-Bold scale = 1.


Package fontspec Info: 
(fontspec)             Font family 'LibertinusSerif(1)' created for font
(fontspec)             'LibertinusSerif' with options
(fontspec)             [Renderer=Basic,RawFeature = {+tnum;+lnum},Scale =
(fontspec)             1,UprightFont = *-Regular,ItalicFont =
(fontspec)             *-Italic,ItalicFeatures = { SmallCapsFont = *-Italic
(fontspec)             },SlantedFont = *-Regular,SlantedFeatures=
(fontspec)             {FakeSlant=0.2},BoldFont = *-Bold,BoldFeatures = {
(fontspec)             SmallCapsFont = *-Bold},BoldItalicFont =
(fontspec)             *-BoldItalic,BoldItalicFeatures = { SmallCapsFont =
(fontspec)             *-BoldItalic },BoldSlantedFont=
(fontspec)             *-Bold,BoldSlantedFeatures= {FakeSlant=0.2,
(fontspec)             SmallCapsFont = *-Bold},SmallCapsFont =
(fontspec)             *-Regular,SmallCapsFeatures={Letters=SmallCaps},Extensio
n
(fontspec)             = .otf].
(fontspec)              
(fontspec)              This font family consists of the following NFSS
(fontspec)             series/shapes:
(fontspec)              
(fontspec)             - 'normal' (m/n) with NFSS spec.:
(fontspec)             <->s*[1]"[LibertinusSerif-Regular.otf]:mode=base;script=
latn;language=dflt;+tnum;+lnum;"
(fontspec)             - 'small caps'  (m/sc) with NFSS spec.:
(fontspec)             <->s*[1]"[LibertinusSerif-Regular.otf]:mode=base;script=
latn;language=dflt;+tnum;+lnum;+smcp;"
(fontspec)             - 'bold' (b/n) with NFSS spec.:
(fontspec)             <->s*[1]"[LibertinusSerif-Bold.otf]:mode=base;script=lat
n;language=dflt;+tnum;+lnum;"
(fontspec)             - 'bold small caps'  (b/sc) with NFSS spec.:
(fontspec)             <->s*[1]"[LibertinusSerif-Bold.otf]:mode=base;script=lat
n;language=dflt;+tnum;+lnum;+smcp;"
(fontspec)             - 'italic' (m/it) with NFSS spec.:
(fontspec)             <->s*[1]"[LibertinusSerif-Italic.otf]:mode=base;script=l
atn;language=dflt;+tnum;+lnum;"
(fontspec)             - 'italic small caps'  (m/scit) with NFSS spec.:
(fontspec)             <->s*[1]"[LibertinusSerif-Italic.otf]:mode=base;script=l
atn;language=dflt;+tnum;+lnum;+smcp;"
(fontspec)             - 'slanted' (m/sl) with NFSS spec.:
(fontspec)             <->s*[1]"[LibertinusSerif-Regular.otf]:mode=base;script=
latn;language=dflt;slant=0.2;+tnum;+lnum;"
(fontspec)             - 'slanted small caps'  (m/scsl) with NFSS spec.:
(fontspec)             <->s*[1]"[LibertinusSerif-Regular.otf]:mode=base;script=
latn;language=dflt;slant=0.2;+tnum;+lnum;+smcp;"
(fontspec)             - 'bold italic' (b/it) with NFSS spec.:
(fontspec)             <->s*[1]"[LibertinusSerif-BoldItalic.otf]:mode=base;scri
pt=latn;language=dflt;+tnum;+lnum;"
(fontspec)             - 'bold italic small caps'  (b/scit) with NFSS spec.:
(fontspec)             <->s*[1]"[LibertinusSerif-BoldItalic.otf]:mode=base;scri
pt=latn;language=dflt;+tnum;+lnum;+smcp;"
(fontspec)             - 'bold slanted' (b/sl) with NFSS spec.:
(fontspec)             <->s*[1]"[LibertinusSerif-Bold.otf]:mode=base;script=lat
n;language=dflt;slant=0.2;+tnum;+lnum;"
(fontspec)             - 'bold slanted small caps'  (b/scsl) with NFSS spec.:
(fontspec)             <->s*[1]"[LibertinusSerif-Bold.otf]:mode=base;script=lat
n;language=dflt;slant=0.2;+tnum;+lnum;+smcp;"

LaTeX Font Info:    Overwriting math alphabet `\mathrm' in version `normal'
(Font)                  OT1/cmr/m/n --> TU/LibertinusSerif(1)/m/n on input line
 242.
LaTeX Font Info:    Overwriting math alphabet `\mathit' in version `normal'
(Font)                  OT1/cmr/m/it --> TU/LibertinusSerif(1)/m/it on input li
ne 242.
LaTeX Font Info:    Overwriting math alphabet `\mathbf' in version `normal'
(Font)                  OT1/cmr/bx/n --> TU/LibertinusSerif(1)/b/n on input lin
e 242.
LaTeX Font Info:    Font shape `TU/LibertinusSerif(0)/m/n' will be
(Font)              scaled to size 10.0pt on input line 242.

Package fontspec Info: 
(fontspec)             LibertinusSerif-Regular scale = 1.


Package fontspec Info: 
(fontspec)             LibertinusSerif-Regular scale = 1.


Package fontspec Info: 
(fontspec)             LibertinusSerif-Regular scale = 1.


Package fontspec Info: 
(fontspec)             LibertinusSerif-Semibold scale = 1.


Package fontspec Info: 
(fontspec)             LibertinusSerif-Semibold scale = 1.


Package fontspec Info: 
(fontspec)             LibertinusSerif-Italic scale = 1.


Package fontspec Info: 
(fontspec)             LibertinusSerif-Italic scale = 1.


Package fontspec Info: 
(fontspec)             LibertinusSerif-Regular scale = 1.


Package fontspec Info: 
(fontspec)             LibertinusSerif-Regular scale = 1.


Package fontspec Info: 
(fontspec)             LibertinusSerif-SemiboldItalic scale = 1.


Package fontspec Info: 
(fontspec)             LibertinusSerif-SemiboldItalic scale = 1.


Package fontspec Info: 
(fontspec)             LibertinusSerif-Semibold scale = 1.


Package fontspec Info: 
(fontspec)             LibertinusSerif-Semibold scale = 1.


Package fontspec Info: 
(fontspec)             Font family 'LibertinusSerif(2)' created for font
(fontspec)             'LibertinusSerif' with options [RawFeature =
(fontspec)             {+tnum;+lnum},Scale = 1,UprightFont =
(fontspec)             *-Regular,ItalicFont = *-Italic,ItalicFeatures = {
(fontspec)             SmallCapsFont = *-Italic },SlantedFont =
(fontspec)             *-Regular,SlantedFeatures= {FakeSlant=0.2},BoldFont =
(fontspec)             *-Semibold,BoldFeatures = { SmallCapsFont = *-Semibold
(fontspec)             },BoldItalicFont = *-SemiboldItalic,BoldItalicFeatures
(fontspec)             = { SmallCapsFont = *-SemiboldItalic },BoldSlantedFont=
(fontspec)             *-Semibold,BoldSlantedFeatures = {FakeSlant=0.2,
(fontspec)             SmallCapsFont = *-Semibold },SmallCapsFont =
(fontspec)             *-Regular,SmallCapsFeatures={Letters=SmallCaps},Extensio
n
(fontspec)             = .otf].
(fontspec)              
(fontspec)              This font family consists of the following NFSS
(fontspec)             series/shapes:
(fontspec)              
(fontspec)             - 'normal' (m/n) with NFSS spec.:
(fontspec)             <->s*[1]"[LibertinusSerif-Regular.otf]:mode=node;script=
latn;language=dflt;+tnum;+lnum;"
(fontspec)             - 'small caps'  (m/sc) with NFSS spec.:
(fontspec)             <->s*[1]"[LibertinusSerif-Regular.otf]:mode=node;script=
latn;language=dflt;+tnum;+lnum;+smcp;"
(fontspec)             - 'bold' (b/n) with NFSS spec.:
(fontspec)             <->s*[1]"[LibertinusSerif-Semibold.otf]:mode=node;script
=latn;language=dflt;+tnum;+lnum;"
(fontspec)             - 'bold small caps'  (b/sc) with NFSS spec.:
(fontspec)             <->s*[1]"[LibertinusSerif-Semibold.otf]:mode=node;script
=latn;language=dflt;+tnum;+lnum;+smcp;"
(fontspec)             - 'italic' (m/it) with NFSS spec.:
(fontspec)             <->s*[1]"[LibertinusSerif-Italic.otf]:mode=node;script=l
atn;language=dflt;+tnum;+lnum;"
(fontspec)             - 'italic small caps'  (m/scit) with NFSS spec.:
(fontspec)             <->s*[1]"[LibertinusSerif-Italic.otf]:mode=node;script=l
atn;language=dflt;+tnum;+lnum;+smcp;"
(fontspec)             - 'slanted' (m/sl) with NFSS spec.:
(fontspec)             <->s*[1]"[LibertinusSerif-Regular.otf]:mode=node;script=
latn;language=dflt;slant=0.2;+tnum;+lnum;"
(fontspec)             - 'slanted small caps'  (m/scsl) with NFSS spec.:
(fontspec)             <->s*[1]"[LibertinusSerif-Regular.otf]:mode=node;script=
latn;language=dflt;slant=0.2;+tnum;+lnum;+smcp;"
(fontspec)             - 'bold italic' (b/it) with NFSS spec.:
(fontspec)             <->s*[1]"[LibertinusSerif-SemiboldItalic.otf]:mode=node;
script=latn;language=dflt;+tnum;+lnum;"
(fontspec)             - 'bold italic small caps'  (b/scit) with NFSS spec.:
(fontspec)             <->s*[1]"[LibertinusSerif-SemiboldItalic.otf]:mode=node;
script=latn;language=dflt;+tnum;+lnum;+smcp;"
(fontspec)             - 'bold slanted' (b/sl) with NFSS spec.:
(fontspec)             <->s*[1]"[LibertinusSerif-Semibold.otf]:mode=node;script
=latn;language=dflt;slant=0.2;+tnum;+lnum;"
(fontspec)             - 'bold slanted small caps'  (b/scsl) with NFSS spec.:
(fontspec)             <->s*[1]"[LibertinusSerif-Semibold.otf]:mode=node;script
=latn;language=dflt;slant=0.2;+tnum;+lnum;+smcp;"


Package fontspec Info: 
(fontspec)             LibertinusSerif-Regular scale = 1.


Package fontspec Info: 
(fontspec)             LibertinusSerif-Regular scale = 1.


Package fontspec Info: 
(fontspec)             LibertinusSerif-Regular scale = 1.


Package fontspec Info: 
(fontspec)             LibertinusSerif-Bold scale = 1.


Package fontspec Info: 
(fontspec)             LibertinusSerif-Bold scale = 1.


Package fontspec Info: 
(fontspec)             LibertinusSerif-Italic scale = 1.


Package fontspec Info: 
(fontspec)             LibertinusSerif-Italic scale = 1.


Package fontspec Info: 
(fontspec)             LibertinusSerif-Regular scale = 1.


Package fontspec Info: 
(fontspec)             LibertinusSerif-Regular scale = 1.


Package fontspec Info: 
(fontspec)             LibertinusSerif-BoldItalic scale = 1.


Package fontspec Info: 
(fontspec)             LibertinusSerif-BoldItalic scale = 1.


Package fontspec Info: 
(fontspec)             LibertinusSerif-Bold scale = 1.


Package fontspec Info: 
(fontspec)             LibertinusSerif-Bold scale = 1.


Package fontspec Info: 
(fontspec)             Font family 'LibertinusSerif(3)' created for font
(fontspec)             'LibertinusSerif' with options [RawFeature =
(fontspec)             {+onum},Scale = 1,UprightFont = *-Regular,ItalicFont =
(fontspec)             *-Italic,ItalicFeatures = { SmallCapsFont = *-Italic
(fontspec)             },SlantedFont = *-Regular,SlantedFeatures=
(fontspec)             {FakeSlant=0.2},BoldFont = *-Bold,BoldFeatures = {
(fontspec)             SmallCapsFont = *-Bold},BoldItalicFont =
(fontspec)             *-BoldItalic,BoldItalicFeatures = { SmallCapsFont =
(fontspec)             *-BoldItalic },BoldSlantedFont=
(fontspec)             *-Bold,BoldSlantedFeatures = {FakeSlant=0.2,
(fontspec)             SmallCapsFont = *-Bold},SmallCapsFont =
(fontspec)             *-Regular,SmallCapsFeatures={Letters=SmallCaps},Extensio
n
(fontspec)             = .otf].
(fontspec)              
(fontspec)              This font family consists of the following NFSS
(fontspec)             series/shapes:
(fontspec)              
(fontspec)             - 'normal' (m/n) with NFSS spec.:
(fontspec)             <->s*[1]"[LibertinusSerif-Regular.otf]:mode=node;script=
latn;language=dflt;+onum;"
(fontspec)             - 'small caps'  (m/sc) with NFSS spec.:
(fontspec)             <->s*[1]"[LibertinusSerif-Regular.otf]:mode=node;script=
latn;language=dflt;+onum;+smcp;"
(fontspec)             - 'bold' (b/n) with NFSS spec.:
(fontspec)             <->s*[1]"[LibertinusSerif-Bold.otf]:mode=node;script=lat
n;language=dflt;+onum;"
(fontspec)             - 'bold small caps'  (b/sc) with NFSS spec.:
(fontspec)             <->s*[1]"[LibertinusSerif-Bold.otf]:mode=node;script=lat
n;language=dflt;+onum;+smcp;"
(fontspec)             - 'italic' (m/it) with NFSS spec.:
(fontspec)             <->s*[1]"[LibertinusSerif-Italic.otf]:mode=node;script=l
atn;language=dflt;+onum;"
(fontspec)             - 'italic small caps'  (m/scit) with NFSS spec.:
(fontspec)             <->s*[1]"[LibertinusSerif-Italic.otf]:mode=node;script=l
atn;language=dflt;+onum;+smcp;"
(fontspec)             - 'slanted' (m/sl) with NFSS spec.:
(fontspec)             <->s*[1]"[LibertinusSerif-Regular.otf]:mode=node;script=
latn;language=dflt;slant=0.2;+onum;"
(fontspec)             - 'slanted small caps'  (m/scsl) with NFSS spec.:
(fontspec)             <->s*[1]"[LibertinusSerif-Regular.otf]:mode=node;script=
latn;language=dflt;slant=0.2;+onum;+smcp;"
(fontspec)             - 'bold italic' (b/it) with NFSS spec.:
(fontspec)             <->s*[1]"[LibertinusSerif-BoldItalic.otf]:mode=node;scri
pt=latn;language=dflt;+onum;"
(fontspec)             - 'bold italic small caps'  (b/scit) with NFSS spec.:
(fontspec)             <->s*[1]"[LibertinusSerif-BoldItalic.otf]:mode=node;scri
pt=latn;language=dflt;+onum;+smcp;"
(fontspec)             - 'bold slanted' (b/sl) with NFSS spec.:
(fontspec)             <->s*[1]"[LibertinusSerif-Bold.otf]:mode=node;script=lat
n;language=dflt;slant=0.2;+onum;"
(fontspec)             - 'bold slanted small caps'  (b/scsl) with NFSS spec.:
(fontspec)             <->s*[1]"[LibertinusSerif-Bold.otf]:mode=node;script=lat
n;language=dflt;slant=0.2;+onum;+smcp;"


Package fontspec Info: 
(fontspec)             LibertinusSerif-Regular scale = 1.


Package fontspec Info: 
(fontspec)             LibertinusSerif-Regular scale = 1.


Package fontspec Info: 
(fontspec)             LibertinusSerif-Regular scale = 1.


Package fontspec Info: 
(fontspec)             LibertinusSerif-Bold scale = 1.


Package fontspec Info: 
(fontspec)             LibertinusSerif-Bold scale = 1.


Package fontspec Info: 
(fontspec)             LibertinusSerif-Italic scale = 1.


Package fontspec Info: 
(fontspec)             LibertinusSerif-Italic scale = 1.


Package fontspec Info: 
(fontspec)             LibertinusSerif-Regular scale = 1.


Package fontspec Info: 
(fontspec)             LibertinusSerif-Regular scale = 1.


Package fontspec Info: 
(fontspec)             LibertinusSerif-BoldItalic scale = 1.


Package fontspec Info: 
(fontspec)             LibertinusSerif-BoldItalic scale = 1.


Package fontspec Info: 
(fontspec)             LibertinusSerif-Bold scale = 1.


Package fontspec Info: 
(fontspec)             LibertinusSerif-Bold scale = 1.


Package fontspec Info: 
(fontspec)             Font family 'LibertinusSerif(4)' created for font
(fontspec)             'LibertinusSerif' with options [RawFeature =
(fontspec)             {+tnum;-onum},Scale = 1,UprightFont =
(fontspec)             *-Regular,ItalicFont = *-Italic,ItalicFeatures = {
(fontspec)             SmallCapsFont = *-Italic },SlantedFont =
(fontspec)             *-Regular,SlantedFeatures= {FakeSlant=0.2},BoldFont =
(fontspec)             *-Bold,BoldFeatures = { SmallCapsFont =
(fontspec)             *-Bold},BoldItalicFont =
(fontspec)             *-BoldItalic,BoldItalicFeatures = { SmallCapsFont =
(fontspec)             *-BoldItalic },BoldSlantedFont=
(fontspec)             *-Bold,BoldSlantedFeatures = {FakeSlant=0.2,
(fontspec)             SmallCapsFont = *-Bold},SmallCapsFont =
(fontspec)             *-Regular,SmallCapsFeatures={Letters=SmallCaps},Extensio
n
(fontspec)             = .otf].
(fontspec)              
(fontspec)              This font family consists of the following NFSS
(fontspec)             series/shapes:
(fontspec)              
(fontspec)             - 'normal' (m/n) with NFSS spec.:
(fontspec)             <->s*[1]"[LibertinusSerif-Regular.otf]:mode=node;script=
latn;language=dflt;+tnum;-onum;"
(fontspec)             - 'small caps'  (m/sc) with NFSS spec.:
(fontspec)             <->s*[1]"[LibertinusSerif-Regular.otf]:mode=node;script=
latn;language=dflt;+tnum;-onum;+smcp;"
(fontspec)             - 'bold' (b/n) with NFSS spec.:
(fontspec)             <->s*[1]"[LibertinusSerif-Bold.otf]:mode=node;script=lat
n;language=dflt;+tnum;-onum;"
(fontspec)             - 'bold small caps'  (b/sc) with NFSS spec.:
(fontspec)             <->s*[1]"[LibertinusSerif-Bold.otf]:mode=node;script=lat
n;language=dflt;+tnum;-onum;+smcp;"
(fontspec)             - 'italic' (m/it) with NFSS spec.:
(fontspec)             <->s*[1]"[LibertinusSerif-Italic.otf]:mode=node;script=l
atn;language=dflt;+tnum;-onum;"
(fontspec)             - 'italic small caps'  (m/scit) with NFSS spec.:
(fontspec)             <->s*[1]"[LibertinusSerif-Italic.otf]:mode=node;script=l
atn;language=dflt;+tnum;-onum;+smcp;"
(fontspec)             - 'slanted' (m/sl) with NFSS spec.:
(fontspec)             <->s*[1]"[LibertinusSerif-Regular.otf]:mode=node;script=
latn;language=dflt;slant=0.2;+tnum;-onum;"
(fontspec)             - 'slanted small caps'  (m/scsl) with NFSS spec.:
(fontspec)             <->s*[1]"[LibertinusSerif-Regular.otf]:mode=node;script=
latn;language=dflt;slant=0.2;+tnum;-onum;+smcp;"
(fontspec)             - 'bold italic' (b/it) with NFSS spec.:
(fontspec)             <->s*[1]"[LibertinusSerif-BoldItalic.otf]:mode=node;scri
pt=latn;language=dflt;+tnum;-onum;"
(fontspec)             - 'bold italic small caps'  (b/scit) with NFSS spec.:
(fontspec)             <->s*[1]"[LibertinusSerif-BoldItalic.otf]:mode=node;scri
pt=latn;language=dflt;+tnum;-onum;+smcp;"
(fontspec)             - 'bold slanted' (b/sl) with NFSS spec.:
(fontspec)             <->s*[1]"[LibertinusSerif-Bold.otf]:mode=node;script=lat
n;language=dflt;slant=0.2;+tnum;-onum;"
(fontspec)             - 'bold slanted small caps'  (b/scsl) with NFSS spec.:
(fontspec)             <->s*[1]"[LibertinusSerif-Bold.otf]:mode=node;script=lat
n;language=dflt;slant=0.2;+tnum;-onum;+smcp;"


Package fontspec Info: 
(fontspec)             LibertinusSans-Regular scale = 1.


Package fontspec Info: 
(fontspec)             LibertinusSans-Regular scale = 1.


Package fontspec Info: 
(fontspec)             LibertinusSans-Regular scale = 1.


Package fontspec Info: 
(fontspec)             LibertinusSans-Bold scale = 1.


Package fontspec Info: 
(fontspec)             LibertinusSans-Bold scale = 1.


Package fontspec Info: 
(fontspec)             LibertinusSans-Italic scale = 1.


Package fontspec Info: 
(fontspec)             LibertinusSans-Italic scale = 1.


Package fontspec Info: 
(fontspec)             LibertinusSans-Regular scale = 1.


Package fontspec Info: 
(fontspec)             LibertinusSans-Regular scale = 1.


Package fontspec Info: 
(fontspec)             LibertinusSans-Italic scale = 1.


Package fontspec Info: 
(fontspec)             LibertinusSans-Italic scale = 1.


Package fontspec Info: 
(fontspec)             LibertinusSans-Bold scale = 1.


Package fontspec Info: 
(fontspec)             LibertinusSans-Bold scale = 1.


Package fontspec Info: 
(fontspec)             Font family 'LibertinusSans(0)' created for font
(fontspec)             'LibertinusSans' with options [Ligatures =
(fontspec)             TeX,SmallCapsFeatures={Letters=SmallCaps},RawFeature={+h
v-kern},Extension
(fontspec)             = .otf,RawFeature = {+tnum;+lnum},Scale = 1,UprightFont
(fontspec)             = *-Regular,ItalicFont = *-Italic,ItalicFeatures = {
(fontspec)             SmallCapsFont = *-Italic },SlantedFont =
(fontspec)             *-Regular,SlantedFeatures= {FakeSlant=0.2},BoldFont =
(fontspec)             *-Bold,BoldFeatures = { SmallCapsFont = *-Bold
(fontspec)             },BoldItalicFont = *-Italic,BoldItalicFeatures =
(fontspec)             {RawFeature={embolden=3},SmallCapsFont = *-Italic
(fontspec)             },BoldSlantedFont= *-Bold,BoldSlantedFeatures =
(fontspec)             {FakeSlant=0.2, SmallCapsFont = *-Bold },SmallCapsFont
(fontspec)             = *-Regular,SmallCapsFeatures={Letters=SmallCaps}].
(fontspec)              
(fontspec)              This font family consists of the following NFSS
(fontspec)             series/shapes:
(fontspec)              
(fontspec)             - 'normal' (m/n) with NFSS spec.:
(fontspec)             <->s*[1]"[LibertinusSans-Regular.otf]:mode=node;script=l
atn;language=dflt;+tlig;+hv-kern;+tnum;+lnum;"
(fontspec)             - 'small caps'  (m/sc) with NFSS spec.:
(fontspec)             <->s*[1]"[LibertinusSans-Regular.otf]:mode=node;script=l
atn;language=dflt;+tlig;+hv-kern;+tnum;+lnum;+smcp;"
(fontspec)             - 'bold' (b/n) with NFSS spec.:
(fontspec)             <->s*[1]"[LibertinusSans-Bold.otf]:mode=node;script=latn
;language=dflt;+tlig;+hv-kern;+tnum;+lnum;"
(fontspec)             - 'bold small caps'  (b/sc) with NFSS spec.:
(fontspec)             <->s*[1]"[LibertinusSans-Bold.otf]:mode=node;script=latn
;language=dflt;+tlig;+hv-kern;+tnum;+lnum;+smcp;"
(fontspec)             - 'italic' (m/it) with NFSS spec.:
(fontspec)             <->s*[1]"[LibertinusSans-Italic.otf]:mode=node;script=la
tn;language=dflt;+tlig;+hv-kern;+tnum;+lnum;"
(fontspec)             - 'italic small caps'  (m/scit) with NFSS spec.:
(fontspec)             <->s*[1]"[LibertinusSans-Italic.otf]:mode=node;script=la
tn;language=dflt;+tlig;+hv-kern;+tnum;+lnum;+smcp;"
(fontspec)             - 'slanted' (m/sl) with NFSS spec.:
(fontspec)             <->s*[1]"[LibertinusSans-Regular.otf]:mode=node;script=l
atn;language=dflt;slant=0.2;+tlig;+hv-kern;+tnum;+lnum;"
(fontspec)             - 'slanted small caps'  (m/scsl) with NFSS spec.:
(fontspec)             <->s*[1]"[LibertinusSans-Regular.otf]:mode=node;script=l
atn;language=dflt;slant=0.2;+tlig;+hv-kern;+tnum;+lnum;+smcp;"
(fontspec)             - 'bold italic' (b/it) with NFSS spec.:
(fontspec)             <->s*[1]"[LibertinusSans-Italic.otf]:mode=node;script=la
tn;language=dflt;+tlig;+hv-kern;+tnum;+lnum;embolden=3;"
(fontspec)             - 'bold italic small caps'  (b/scit) with NFSS spec.:
(fontspec)             <->s*[1]"[LibertinusSans-Italic.otf]:mode=node;script=la
tn;language=dflt;+tlig;+hv-kern;+tnum;+lnum;embolden=3;+smcp;"
(fontspec)             - 'bold slanted' (b/sl) with NFSS spec.:
(fontspec)             <->s*[1]"[LibertinusSans-Bold.otf]:mode=node;script=latn
;language=dflt;slant=0.2;+tlig;+hv-kern;+tnum;+lnum;"
(fontspec)             - 'bold slanted small caps'  (b/scsl) with NFSS spec.:
(fontspec)             <->s*[1]"[LibertinusSans-Bold.otf]:mode=node;script=latn
;language=dflt;slant=0.2;+tlig;+hv-kern;+tnum;+lnum;+smcp;"


Package fontspec Info: 
(fontspec)             LibertinusSans-Regular scale = 1.


Package fontspec Info: 
(fontspec)             LibertinusSans-Regular scale = 1.


Package fontspec Info: 
(fontspec)             LibertinusSans-Regular scale = 1.


Package fontspec Info: 
(fontspec)             LibertinusSans-Bold scale = 1.


Package fontspec Info: 
(fontspec)             LibertinusSans-Bold scale = 1.


Package fontspec Info: 
(fontspec)             LibertinusSans-Italic scale = 1.


Package fontspec Info: 
(fontspec)             LibertinusSans-Italic scale = 1.


Package fontspec Info: 
(fontspec)             LibertinusSans-Regular scale = 1.


Package fontspec Info: 
(fontspec)             LibertinusSans-Regular scale = 1.


Package fontspec Info: 
(fontspec)             LibertinusSans-Italic scale = 1.


Package fontspec Info: 
(fontspec)             LibertinusSans-Italic scale = 1.


Package fontspec Info: 
(fontspec)             LibertinusSans-Bold scale = 1.


Package fontspec Info: 
(fontspec)             LibertinusSans-Bold scale = 1.


Package fontspec Info: 
(fontspec)             Font family 'LibertinusSans(1)' created for font
(fontspec)             'LibertinusSans' with options [Renderer=Basic,Extension
(fontspec)             = .otf,RawFeature = {+tnum;+lnum},Scale = 1,UprightFont
(fontspec)             = *-Regular,ItalicFont = *-Italic,ItalicFeatures = {
(fontspec)             SmallCapsFont = *-Italic },SlantedFont =
(fontspec)             *-Regular,SlantedFeatures= {FakeSlant=0.2},BoldFont =
(fontspec)             *-Bold,BoldFeatures = { SmallCapsFont = *-Bold
(fontspec)             },BoldItalicFont = *-Italic,BoldItalicFeatures =
(fontspec)             {RawFeature={embolden=3},SmallCapsFont = *-Italic
(fontspec)             },BoldSlantedFont= *-Bold,BoldSlantedFeatures =
(fontspec)             {FakeSlant=0.2, SmallCapsFont = *-Bold },SmallCapsFont
(fontspec)             = *-Regular,SmallCapsFeatures={Letters=SmallCaps}].
(fontspec)              
(fontspec)              This font family consists of the following NFSS
(fontspec)             series/shapes:
(fontspec)              
(fontspec)             - 'normal' (m/n) with NFSS spec.:
(fontspec)             <->s*[1]"[LibertinusSans-Regular.otf]:mode=base;script=l
atn;language=dflt;+tnum;+lnum;"
(fontspec)             - 'small caps'  (m/sc) with NFSS spec.:
(fontspec)             <->s*[1]"[LibertinusSans-Regular.otf]:mode=base;script=l
atn;language=dflt;+tnum;+lnum;+smcp;"
(fontspec)             - 'bold' (b/n) with NFSS spec.:
(fontspec)             <->s*[1]"[LibertinusSans-Bold.otf]:mode=base;script=latn
;language=dflt;+tnum;+lnum;"
(fontspec)             - 'bold small caps'  (b/sc) with NFSS spec.:
(fontspec)             <->s*[1]"[LibertinusSans-Bold.otf]:mode=base;script=latn
;language=dflt;+tnum;+lnum;+smcp;"
(fontspec)             - 'italic' (m/it) with NFSS spec.:
(fontspec)             <->s*[1]"[LibertinusSans-Italic.otf]:mode=base;script=la
tn;language=dflt;+tnum;+lnum;"
(fontspec)             - 'italic small caps'  (m/scit) with NFSS spec.:
(fontspec)             <->s*[1]"[LibertinusSans-Italic.otf]:mode=base;script=la
tn;language=dflt;+tnum;+lnum;+smcp;"
(fontspec)             - 'slanted' (m/sl) with NFSS spec.:
(fontspec)             <->s*[1]"[LibertinusSans-Regular.otf]:mode=base;script=l
atn;language=dflt;slant=0.2;+tnum;+lnum;"
(fontspec)             - 'slanted small caps'  (m/scsl) with NFSS spec.:
(fontspec)             <->s*[1]"[LibertinusSans-Regular.otf]:mode=base;script=l
atn;language=dflt;slant=0.2;+tnum;+lnum;+smcp;"
(fontspec)             - 'bold italic' (b/it) with NFSS spec.:
(fontspec)             <->s*[1]"[LibertinusSans-Italic.otf]:mode=base;script=la
tn;language=dflt;+tnum;+lnum;embolden=3;"
(fontspec)             - 'bold italic small caps'  (b/scit) with NFSS spec.:
(fontspec)             <->s*[1]"[LibertinusSans-Italic.otf]:mode=base;script=la
tn;language=dflt;+tnum;+lnum;embolden=3;+smcp;"
(fontspec)             - 'bold slanted' (b/sl) with NFSS spec.:
(fontspec)             <->s*[1]"[LibertinusSans-Bold.otf]:mode=base;script=latn
;language=dflt;slant=0.2;+tnum;+lnum;"
(fontspec)             - 'bold slanted small caps'  (b/scsl) with NFSS spec.:
(fontspec)             <->s*[1]"[LibertinusSans-Bold.otf]:mode=base;script=latn
;language=dflt;slant=0.2;+tnum;+lnum;+smcp;"

LaTeX Font Info:    Overwriting math alphabet `\mathsf' in version `normal'
(Font)                  OT1/cmss/m/n --> TU/LibertinusSans(1)/m/n on input line
 322.
LaTeX Font Info:    Overwriting math alphabet `\mathsf' in version `bold'
(Font)                  OT1/cmss/bx/n --> TU/LibertinusSans(1)/b/n on input lin
e 322.

Package fontspec Info: 
(fontspec)             LibertinusSans-Regular scale = 1.


Package fontspec Info: 
(fontspec)             LibertinusSans-Regular scale = 1.


Package fontspec Info: 
(fontspec)             LibertinusSans-Regular scale = 1.


Package fontspec Info: 
(fontspec)             LibertinusSans-Bold scale = 1.


Package fontspec Info: 
(fontspec)             LibertinusSans-Bold scale = 1.


Package fontspec Info: 
(fontspec)             LibertinusSans-Italic scale = 1.


Package fontspec Info: 
(fontspec)             LibertinusSans-Italic scale = 1.


Package fontspec Info: 
(fontspec)             LibertinusSans-Regular scale = 1.


Package fontspec Info: 
(fontspec)             LibertinusSans-Regular scale = 1.


Package fontspec Info: 
(fontspec)             LibertinusSans-Italic scale = 1.


Package fontspec Info: 
(fontspec)             LibertinusSans-Regular scale = 1.


Package fontspec Info: 
(fontspec)             LibertinusSans-Bold scale = 1.


Package fontspec Info: 
(fontspec)             LibertinusSans-Bold scale = 1.


Package fontspec Info: 
(fontspec)             Font family 'LibertinusSans(2)' created for font
(fontspec)             'LibertinusSans' with options [RawFeature =
(fontspec)             {+onum;+pnum},Scale = 1,UprightFont =
(fontspec)             *-Regular,ItalicFont = *-Italic,ItalicFeatures = {
(fontspec)             SmallCapsFont = *-Italic },SlantedFont =
(fontspec)             *-Regular,SlantedFeatures= {FakeSlant=0.2},BoldFont =
(fontspec)             *-Bold,BoldFeatures = { SmallCapsFont = *-Bold
(fontspec)             },BoldItalicFont = *-Italic,BoldItalicFeatures =
(fontspec)             {RawFeature={embolden=3}},BoldSlantedFont=
(fontspec)             *-Bold,BoldSlantedFeatures = {FakeSlant=0.2,
(fontspec)             SmallCapsFont = *-Bold },SmallCapsFont =
(fontspec)             *-Regular,SmallCapsFeatures={Letters=SmallCaps},Extensio
n
(fontspec)             = .otf].
(fontspec)              
(fontspec)              This font family consists of the following NFSS
(fontspec)             series/shapes:
(fontspec)              
(fontspec)             - 'normal' (m/n) with NFSS spec.:
(fontspec)             <->s*[1]"[LibertinusSans-Regular.otf]:mode=node;script=l
atn;language=dflt;+onum;+pnum;"
(fontspec)             - 'small caps'  (m/sc) with NFSS spec.:
(fontspec)             <->s*[1]"[LibertinusSans-Regular.otf]:mode=node;script=l
atn;language=dflt;+onum;+pnum;+smcp;"
(fontspec)             - 'bold' (b/n) with NFSS spec.:
(fontspec)             <->s*[1]"[LibertinusSans-Bold.otf]:mode=node;script=latn
;language=dflt;+onum;+pnum;"
(fontspec)             - 'bold small caps'  (b/sc) with NFSS spec.:
(fontspec)             <->s*[1]"[LibertinusSans-Bold.otf]:mode=node;script=latn
;language=dflt;+onum;+pnum;+smcp;"
(fontspec)             - 'italic' (m/it) with NFSS spec.:
(fontspec)             <->s*[1]"[LibertinusSans-Italic.otf]:mode=node;script=la
tn;language=dflt;+onum;+pnum;"
(fontspec)             - 'italic small caps'  (m/scit) with NFSS spec.:
(fontspec)             <->s*[1]"[LibertinusSans-Italic.otf]:mode=node;script=la
tn;language=dflt;+onum;+pnum;+smcp;"
(fontspec)             - 'slanted' (m/sl) with NFSS spec.:
(fontspec)             <->s*[1]"[LibertinusSans-Regular.otf]:mode=node;script=l
atn;language=dflt;slant=0.2;+onum;+pnum;"
(fontspec)             - 'slanted small caps'  (m/scsl) with NFSS spec.:
(fontspec)             <->s*[1]"[LibertinusSans-Regular.otf]:mode=node;script=l
atn;language=dflt;slant=0.2;+onum;+pnum;+smcp;"
(fontspec)             - 'bold italic' (b/it) with NFSS spec.:
(fontspec)             <->s*[1]"[LibertinusSans-Italic.otf]:mode=node;script=la
tn;language=dflt;+onum;+pnum;embolden=3;"
(fontspec)             - 'bold italic small caps'  (b/scit) with NFSS spec.:
(fontspec)             <->s*[1]"[LibertinusSans-Regular.otf]:mode=node;script=l
atn;language=dflt;+onum;+pnum;embolden=3;+smcp;"
(fontspec)             - 'bold slanted' (b/sl) with NFSS spec.:
(fontspec)             <->s*[1]"[LibertinusSans-Bold.otf]:mode=node;script=latn
;language=dflt;slant=0.2;+onum;+pnum;"
(fontspec)             - 'bold slanted small caps'  (b/scsl) with NFSS spec.:
(fontspec)             <->s*[1]"[LibertinusSans-Bold.otf]:mode=node;script=latn
;language=dflt;slant=0.2;+onum;+pnum;+smcp;"


Package fontspec Info: 
(fontspec)             LibertinusSans-Regular scale = 1.


Package fontspec Info: 
(fontspec)             LibertinusSans-Regular scale = 1.


Package fontspec Info: 
(fontspec)             LibertinusSans-Regular scale = 1.


Package fontspec Info: 
(fontspec)             LibertinusSans-Bold scale = 1.


Package fontspec Info: 
(fontspec)             LibertinusSans-Bold scale = 1.


Package fontspec Info: 
(fontspec)             LibertinusSans-Italic scale = 1.


Package fontspec Info: 
(fontspec)             LibertinusSans-Italic scale = 1.


Package fontspec Info: 
(fontspec)             LibertinusSans-Regular scale = 1.


Package fontspec Info: 
(fontspec)             LibertinusSans-Regular scale = 1.


Package fontspec Info: 
(fontspec)             LibertinusSans-Italic scale = 1.


Package fontspec Info: 
(fontspec)             LibertinusSans-Regular scale = 1.


Package fontspec Info: 
(fontspec)             LibertinusSans-Bold scale = 1.


Package fontspec Info: 
(fontspec)             LibertinusSans-Bold scale = 1.


Package fontspec Info: 
(fontspec)             Font family 'LibertinusSans(3)' created for font
(fontspec)             'LibertinusSans' with options [RawFeature =
(fontspec)             {+lnum;-onum;+tnum},Scale = 1,UprightFont =
(fontspec)             *-Regular,ItalicFont = *-Italic,ItalicFeatures = {
(fontspec)             SmallCapsFont = *-Italic },SlantedFont =
(fontspec)             *-Regular,SlantedFeatures= {FakeSlant=0.2},BoldFont =
(fontspec)             *-Bold,BoldFeatures = { SmallCapsFont = *-Bold
(fontspec)             },BoldItalicFont = *-Italic,BoldItalicFeatures =
(fontspec)             {RawFeature={embolden=3}},BoldSlantedFont=
(fontspec)             *-Bold,BoldSlantedFeatures = {FakeSlant=0.2,
(fontspec)             SmallCapsFont = *-Bold },SmallCapsFont =
(fontspec)             *-Regular,SmallCapsFeatures={Letters=SmallCaps},Extensio
n
(fontspec)             = .otf].
(fontspec)              
(fontspec)              This font family consists of the following NFSS
(fontspec)             series/shapes:
(fontspec)              
(fontspec)             - 'normal' (m/n) with NFSS spec.:
(fontspec)             <->s*[1]"[LibertinusSans-Regular.otf]:mode=node;script=l
atn;language=dflt;+lnum;-onum;+tnum;"
(fontspec)             - 'small caps'  (m/sc) with NFSS spec.:
(fontspec)             <->s*[1]"[LibertinusSans-Regular.otf]:mode=node;script=l
atn;language=dflt;+lnum;-onum;+tnum;+smcp;"
(fontspec)             - 'bold' (b/n) with NFSS spec.:
(fontspec)             <->s*[1]"[LibertinusSans-Bold.otf]:mode=node;script=latn
;language=dflt;+lnum;-onum;+tnum;"
(fontspec)             - 'bold small caps'  (b/sc) with NFSS spec.:
(fontspec)             <->s*[1]"[LibertinusSans-Bold.otf]:mode=node;script=latn
;language=dflt;+lnum;-onum;+tnum;+smcp;"
(fontspec)             - 'italic' (m/it) with NFSS spec.:
(fontspec)             <->s*[1]"[LibertinusSans-Italic.otf]:mode=node;script=la
tn;language=dflt;+lnum;-onum;+tnum;"
(fontspec)             - 'italic small caps'  (m/scit) with NFSS spec.:
(fontspec)             <->s*[1]"[LibertinusSans-Italic.otf]:mode=node;script=la
tn;language=dflt;+lnum;-onum;+tnum;+smcp;"
(fontspec)             - 'slanted' (m/sl) with NFSS spec.:
(fontspec)             <->s*[1]"[LibertinusSans-Regular.otf]:mode=node;script=l
atn;language=dflt;slant=0.2;+lnum;-onum;+tnum;"
(fontspec)             - 'slanted small caps'  (m/scsl) with NFSS spec.:
(fontspec)             <->s*[1]"[LibertinusSans-Regular.otf]:mode=node;script=l
atn;language=dflt;slant=0.2;+lnum;-onum;+tnum;+smcp;"
(fontspec)             - 'bold italic' (b/it) with NFSS spec.:
(fontspec)             <->s*[1]"[LibertinusSans-Italic.otf]:mode=node;script=la
tn;language=dflt;+lnum;-onum;+tnum;embolden=3;"
(fontspec)             - 'bold italic small caps'  (b/scit) with NFSS spec.:
(fontspec)             <->s*[1]"[LibertinusSans-Regular.otf]:mode=node;script=l
atn;language=dflt;+lnum;-onum;+tnum;embolden=3;+smcp;"
(fontspec)             - 'bold slanted' (b/sl) with NFSS spec.:
(fontspec)             <->s*[1]"[LibertinusSans-Bold.otf]:mode=node;script=latn
;language=dflt;slant=0.2;+lnum;-onum;+tnum;"
(fontspec)             - 'bold slanted small caps'  (b/scsl) with NFSS spec.:
(fontspec)             <->s*[1]"[LibertinusSans-Bold.otf]:mode=node;script=latn
;language=dflt;slant=0.2;+lnum;-onum;+tnum;+smcp;"


Package fontspec Info: 
(fontspec)             LibertinusMono-Regular scale = 0.8666631730804798.


Package fontspec Info: 
(fontspec)             LibertinusMono-Regular scale = 0.8666631730804798.


Package fontspec Info: 
(fontspec)             LibertinusMono-Regular scale = 0.8666631730804798.


Package fontspec Info: 
(fontspec)             LibertinusMono-Regular scale = 0.8666631730804798.


Package fontspec Info: 
(fontspec)             LibertinusMono-Regular scale = 0.8666631730804798.


Package fontspec Info: 
(fontspec)             LibertinusMono-Regular scale = 0.8666631730804798.


Package fontspec Info: 
(fontspec)             Font family 'LibertinusMono(0)' created for font
(fontspec)             'LibertinusMono' with options
(fontspec)             [WordSpace={1,0,0},HyphenChar=None,PunctuationSpace=Word
Space,RawFeature
(fontspec)             = {+tnum; +lnum},Scale = MatchLowercase,FakeStretch =
(fontspec)             0.9,UprightFont = *-Regular,ItalicFont =
(fontspec)             *-Regular,ItalicFeatures = {FakeSlant=0.2},SlantedFont
(fontspec)             = *-Regular,SlantedFeatures= {FakeSlant=0.2},BoldFont =
(fontspec)             *-Regular,BoldFeatures =
(fontspec)             {RawFeature={embolden=3}},BoldItalicFont =
(fontspec)             *-Regular,BoldItalicFeatures={FakeSlant=0.2,RawFeature={
embolden=3}},Extension
(fontspec)             = .otf].
(fontspec)              
(fontspec)              This font family consists of the following NFSS
(fontspec)             series/shapes:
(fontspec)              
(fontspec)             - 'normal' (m/n) with NFSS spec.:
(fontspec)             <->s*[0.8666631730804798]"[LibertinusMono-Regular.otf]:m
ode=node;script=latn;language=dflt;extend=0.9;+tnum;
(fontspec)             +lnum;"
(fontspec)             - 'bold' (b/n) with NFSS spec.:
(fontspec)             <->s*[0.8666631730804798]"[LibertinusMono-Regular.otf]:m
ode=node;script=latn;language=dflt;extend=0.9;+tnum;
(fontspec)             +lnum;embolden=3;"
(fontspec)             - 'italic' (m/it) with NFSS spec.:
(fontspec)             <->s*[0.8666631730804798]"[LibertinusMono-Regular.otf]:m
ode=node;script=latn;language=dflt;extend=0.9;slant=0.2;+tnum;
(fontspec)             +lnum;"
(fontspec)             - 'slanted' (m/sl) with NFSS spec.:
(fontspec)             <->s*[0.8666631730804798]"[LibertinusMono-Regular.otf]:m
ode=node;script=latn;language=dflt;extend=0.9;slant=0.2;+tnum;
(fontspec)             +lnum;"
(fontspec)             - 'bold italic' (b/it) with NFSS spec.:
(fontspec)             <->s*[0.8666631730804798]"[LibertinusMono-Regular.otf]:m
ode=node;script=latn;language=dflt;extend=0.9;slant=0.2;+tnum;
(fontspec)             +lnum;embolden=3;"


Package fontspec Info: 
(fontspec)             LibertinusMono-Regular scale = 0.8666631730804798.


Package fontspec Info: 
(fontspec)             LibertinusMono-Regular scale = 0.8666631730804798.


Package fontspec Info: 
(fontspec)             LibertinusMono-Regular scale = 0.8666631730804798.


Package fontspec Info: 
(fontspec)             LibertinusMono-Regular scale = 0.8666631730804798.


Package fontspec Info: 
(fontspec)             LibertinusMono-Regular scale = 0.8666631730804798.


Package fontspec Info: 
(fontspec)             LibertinusMono-Regular scale = 0.8666631730804798.


Package fontspec Info: 
(fontspec)             Font family 'LibertinusMono(1)' created for font
(fontspec)             'LibertinusMono' with options
(fontspec)             [Renderer=Basic,RawFeature = {+tnum; +lnum},Scale =
(fontspec)             MatchLowercase,FakeStretch = 0.9,UprightFont =
(fontspec)             *-Regular,ItalicFont = *-Regular,ItalicFeatures =
(fontspec)             {FakeSlant=0.2},SlantedFont =
(fontspec)             *-Regular,SlantedFeatures= {FakeSlant=0.2},BoldFont =
(fontspec)             *-Regular,BoldFeatures =
(fontspec)             {RawFeature={embolden=3}},BoldItalicFont =
(fontspec)             *-Regular,BoldItalicFeatures={FakeSlant=0.2,RawFeature={
embolden=3}},Extension
(fontspec)             = .otf].
(fontspec)              
(fontspec)              This font family consists of the following NFSS
(fontspec)             series/shapes:
(fontspec)              
(fontspec)             - 'normal' (m/n) with NFSS spec.:
(fontspec)             <->s*[0.8666631730804798]"[LibertinusMono-Regular.otf]:m
ode=base;script=latn;language=dflt;extend=0.9;+tnum;
(fontspec)             +lnum;"
(fontspec)             - 'bold' (b/n) with NFSS spec.:
(fontspec)             <->s*[0.8666631730804798]"[LibertinusMono-Regular.otf]:m
ode=base;script=latn;language=dflt;extend=0.9;+tnum;
(fontspec)             +lnum;embolden=3;"
(fontspec)             - 'italic' (m/it) with NFSS spec.:
(fontspec)             <->s*[0.8666631730804798]"[LibertinusMono-Regular.otf]:m
ode=base;script=latn;language=dflt;extend=0.9;slant=0.2;+tnum;
(fontspec)             +lnum;"
(fontspec)             - 'slanted' (m/sl) with NFSS spec.:
(fontspec)             <->s*[0.8666631730804798]"[LibertinusMono-Regular.otf]:m
ode=base;script=latn;language=dflt;extend=0.9;slant=0.2;+tnum;
(fontspec)             +lnum;"
(fontspec)             - 'bold italic' (b/it) with NFSS spec.:
(fontspec)             <->s*[0.8666631730804798]"[LibertinusMono-Regular.otf]:m
ode=base;script=latn;language=dflt;extend=0.9;slant=0.2;+tnum;
(fontspec)             +lnum;embolden=3;"

LaTeX Font Info:    Overwriting math alphabet `\mathtt' in version `normal'
(Font)                  OT1/cmtt/m/n --> TU/LibertinusMono(1)/m/n on input line
 379.
LaTeX Font Info:    Overwriting math alphabet `\mathtt' in version `bold'
(Font)                  OT1/cmtt/m/n --> TU/LibertinusMono(1)/b/n on input line
 379.

*************************************
* Using libertinus math *
*************************************

Package fontspec Info: 
(fontspec)             Font family 'LibertinusMath-Regular.otf(0)' created for
(fontspec)             font 'LibertinusMath-Regular.otf' with options
(fontspec)             [Renderer=Basic,BoldItalicFont={},ItalicFont={},SmallCap
sFont={},Script=Math,RawFeature={mathfontdimen=xetex}].
(fontspec)              
(fontspec)              This font family consists of the following NFSS
(fontspec)             series/shapes:
(fontspec)              
(fontspec)             - 'normal' (m/n) with NFSS spec.:
(fontspec)             <->"[LibertinusMath-Regular.otf]:mode=base;script=math;l
anguage=dflt;mathfontdimen=xetex;"


Package fontspec Info: 
(fontspec)             Font family 'LibertinusMath-Regular.otf(1)' created for
(fontspec)             font 'LibertinusMath-Regular.otf' with options
(fontspec)             [Renderer=Basic,BoldItalicFont={},ItalicFont={},SmallCap
sFont={},Script=Math,SizeFeatures={{Size=9-},{Size=7-9,Font=LibertinusMath-Regu
lar.otf,Style=MathScript},{Size=-7,Font=LibertinusMath-Regular.otf,Style=MathSc
riptScript}},RawFeature={mathfontdimen=xetex}].
(fontspec)              
(fontspec)              This font family consists of the following NFSS
(fontspec)             series/shapes:
(fontspec)              
(fontspec)             - 'normal' (m/n) with NFSS spec.:
(fontspec)             <9->"[LibertinusMath-Regular.otf]:mode=base;script=math;
language=dflt;mathfontdimen=xetex;"<7-9>"[LibertinusMath-Regular.otf]:mode=base
;script=math;language=dflt;mathfontdimen=xetex;+ssty=0;"<-7>"[LibertinusMath-Re
gular.otf]:mode=base;script=math;language=dflt;mathfontdimen=xetex;+ssty=1;"

LaTeX Font Info:    Encoding `OT1' has changed to `TU' for symbol font
(Font)              `operators' in the math version `normal' on input line 404.

LaTeX Font Info:    Overwriting symbol font `operators' in version `normal'
(Font)                  OT1/cmr/m/n --> TU/LibertinusMath-Regular.otf(1)/m/n on
 input line 404.
LaTeX Font Info:    Encoding `OT1' has changed to `TU' for symbol font
(Font)              `operators' in the math version `bold' on input line 404.
LaTeX Font Info:    Overwriting symbol font `operators' in version `bold'
(Font)                  OT1/cmr/bx/n --> TU/LibertinusMath-Regular.otf(1)/b/n o
n input line 404.

Package fontspec Info: 
(fontspec)             Font family 'LibertinusMath-Regular.otf(2)' created for
(fontspec)             font 'LibertinusMath-Regular.otf' with options
(fontspec)             [Renderer=Basic,BoldItalicFont={},ItalicFont={},SmallCap
sFont={},Script=Math,SizeFeatures={{Size=9-},{Size=7-9,Font=LibertinusMath-Regu
lar.otf,Style=MathScript},{Size=-7,Font=LibertinusMath-Regular.otf,Style=MathSc
riptScript}},RawFeature={mathfontdimen=xetex},RawFeature={mathfontdimen=tex2}].

(fontspec)              
(fontspec)              This font family consists of the following NFSS
(fontspec)             series/shapes:
(fontspec)              
(fontspec)             - 'normal' (m/n) with NFSS spec.:
(fontspec)             <9->"[LibertinusMath-Regular.otf]:mode=base;script=math;
language=dflt;mathfontdimen=xetex;mathfontdimen=tex2;"<7-9>"[LibertinusMath-Reg
ular.otf]:mode=base;script=math;language=dflt;mathfontdimen=xetex;mathfontdimen
=tex2;+ssty=0;"<-7>"[LibertinusMath-Regular.otf]:mode=base;script=math;language
=dflt;mathfontdimen=xetex;mathfontdimen=tex2;+ssty=1;"

LaTeX Font Info:    Encoding `OMS' has changed to `TU' for symbol font
(Font)              `symbols' in the math version `normal' on input line 404.
LaTeX Font Info:    Overwriting symbol font `symbols' in version `normal'
(Font)                  OMS/cmsy/m/n --> TU/LibertinusMath-Regular.otf(2)/m/n o
n input line 404.
LaTeX Font Info:    Encoding `OMS' has changed to `TU' for symbol font
(Font)              `symbols' in the math version `bold' on input line 404.
LaTeX Font Info:    Overwriting symbol font `symbols' in version `bold'
(Font)                  OMS/cmsy/b/n --> TU/LibertinusMath-Regular.otf(2)/b/n o
n input line 404.

Package fontspec Info: 
(fontspec)             Font family 'LibertinusMath-Regular.otf(3)' created for
(fontspec)             font 'LibertinusMath-Regular.otf' with options
(fontspec)             [Renderer=Basic,BoldItalicFont={},ItalicFont={},SmallCap
sFont={},Script=Math,SizeFeatures={{Size=9-},{Size=7-9,Font=LibertinusMath-Regu
lar.otf,Style=MathScript},{Size=-7,Font=LibertinusMath-Regular.otf,Style=MathSc
riptScript}},RawFeature={mathfontdimen=xetex},RawFeature={mathfontdimen=tex3}].

(fontspec)              
(fontspec)              This font family consists of the following NFSS
(fontspec)             series/shapes:
(fontspec)              
(fontspec)             - 'normal' (m/n) with NFSS spec.:
(fontspec)             <9->"[LibertinusMath-Regular.otf]:mode=base;script=math;
language=dflt;mathfontdimen=xetex;mathfontdimen=tex3;"<7-9>"[LibertinusMath-Reg
ular.otf]:mode=base;script=math;language=dflt;mathfontdimen=xetex;mathfontdimen
=tex3;+ssty=0;"<-7>"[LibertinusMath-Regular.otf]:mode=base;script=math;language
=dflt;mathfontdimen=xetex;mathfontdimen=tex3;+ssty=1;"

LaTeX Font Info:    Encoding `OMX' has changed to `TU' for symbol font
(Font)              `largesymbols' in the math version `normal' on input line 4
04.
LaTeX Font Info:    Overwriting symbol font `largesymbols' in version `normal'
(Font)                  OMX/cmex/m/n --> TU/LibertinusMath-Regular.otf(3)/m/n o
n input line 404.
LaTeX Font Info:    Encoding `OMX' has changed to `TU' for symbol font
(Font)              `largesymbols' in the math version `bold' on input line 404
.
LaTeX Font Info:    Overwriting symbol font `largesymbols' in version `bold'
(Font)                  OMX/cmex/m/n --> TU/LibertinusMath-Regular.otf(3)/b/n o
n input line 404.
LaTeX Font Info:    Redeclaring math version `bold' on input line 406.

Package fontspec Info: 
(fontspec)             Font family 'LibertinusMath-Regular.otf(4)' created for
(fontspec)             font 'LibertinusMath-Regular.otf' with options
(fontspec)             [Renderer=Basic,BoldItalicFont={},ItalicFont={},SmallCap
sFont={},Script=Math,RawFeature={mathfontdimen=xetex},RawFeature={embolden=3}].

(fontspec)              
(fontspec)              This font family consists of the following NFSS
(fontspec)             series/shapes:
(fontspec)              
(fontspec)             - 'normal' (m/n) with NFSS spec.:
(fontspec)             <->"[LibertinusMath-Regular.otf]:mode=base;script=math;l
anguage=dflt;mathfontdimen=xetex;embolden=3;"


Package fontspec Info: 
(fontspec)             Font family 'LibertinusMath-Regular.otf(5)' created for
(fontspec)             font 'LibertinusMath-Regular.otf' with options
(fontspec)             [Renderer=Basic,BoldItalicFont={},ItalicFont={},SmallCap
sFont={},Script=Math,SizeFeatures={{Size=9-},{Size=7-9,Font=LibertinusMath-Regu
lar.otf,Style=MathScript},{Size=-7,Font=LibertinusMath-Regular.otf,Style=MathSc
riptScript}},RawFeature={mathfontdimen=xetex},RawFeature={embolden=3}].
(fontspec)              
(fontspec)              This font family consists of the following NFSS
(fontspec)             series/shapes:
(fontspec)              
(fontspec)             - 'normal' (m/n) with NFSS spec.:
(fontspec)             <9->"[LibertinusMath-Regular.otf]:mode=base;script=math;
language=dflt;mathfontdimen=xetex;embolden=3;"<7-9>"[LibertinusMath-Regular.otf
]:mode=base;script=math;language=dflt;mathfontdimen=xetex;embolden=3;+ssty=0;"<
-7>"[LibertinusMath-Regular.otf]:mode=base;script=math;language=dflt;mathfontdi
men=xetex;embolden=3;+ssty=1;"

LaTeX Font Info:    Encoding `OT1' has changed to `TU' for symbol font
(Font)              `operators' in the math version `bold' on input line 406.
LaTeX Font Info:    Overwriting symbol font `operators' in version `bold'
(Font)                  OT1/cmr/m/n --> TU/LibertinusMath-Regular.otf(5)/m/n on
 input line 406.

Package fontspec Info: 
(fontspec)             Font family 'LibertinusMath-Regular.otf(6)' created for
(fontspec)             font 'LibertinusMath-Regular.otf' with options
(fontspec)             [Renderer=Basic,BoldItalicFont={},ItalicFont={},SmallCap
sFont={},Script=Math,SizeFeatures={{Size=9-},{Size=7-9,Font=LibertinusMath-Regu
lar.otf,Style=MathScript},{Size=-7,Font=LibertinusMath-Regular.otf,Style=MathSc
riptScript}},RawFeature={mathfontdimen=xetex},RawFeature={embolden=3},RawFeatur
e={mathfontdimen=tex2}].
(fontspec)              
(fontspec)              This font family consists of the following NFSS
(fontspec)             series/shapes:
(fontspec)              
(fontspec)             - 'normal' (m/n) with NFSS spec.:
(fontspec)             <9->"[LibertinusMath-Regular.otf]:mode=base;script=math;
language=dflt;mathfontdimen=xetex;embolden=3;mathfontdimen=tex2;"<7-9>"[Liberti
nusMath-Regular.otf]:mode=base;script=math;language=dflt;mathfontdimen=xetex;em
bolden=3;mathfontdimen=tex2;+ssty=0;"<-7>"[LibertinusMath-Regular.otf]:mode=bas
e;script=math;language=dflt;mathfontdimen=xetex;embolden=3;mathfontdimen=tex2;+
ssty=1;"

LaTeX Font Info:    Encoding `OMS' has changed to `TU' for symbol font
(Font)              `symbols' in the math version `bold' on input line 406.
LaTeX Font Info:    Overwriting symbol font `symbols' in version `bold'
(Font)                  OMS/cmsy/m/n --> TU/LibertinusMath-Regular.otf(6)/m/n o
n input line 406.

Package fontspec Info: 
(fontspec)             Font family 'LibertinusMath-Regular.otf(7)' created for
(fontspec)             font 'LibertinusMath-Regular.otf' with options
(fontspec)             [Renderer=Basic,BoldItalicFont={},ItalicFont={},SmallCap
sFont={},Script=Math,SizeFeatures={{Size=9-},{Size=7-9,Font=LibertinusMath-Regu
lar.otf,Style=MathScript},{Size=-7,Font=LibertinusMath-Regular.otf,Style=MathSc
riptScript}},RawFeature={mathfontdimen=xetex},RawFeature={embolden=3},RawFeatur
e={mathfontdimen=tex3}].
(fontspec)              
(fontspec)              This font family consists of the following NFSS
(fontspec)             series/shapes:
(fontspec)              
(fontspec)             - 'normal' (m/n) with NFSS spec.:
(fontspec)             <9->"[LibertinusMath-Regular.otf]:mode=base;script=math;
language=dflt;mathfontdimen=xetex;embolden=3;mathfontdimen=tex3;"<7-9>"[Liberti
nusMath-Regular.otf]:mode=base;script=math;language=dflt;mathfontdimen=xetex;em
bolden=3;mathfontdimen=tex3;+ssty=0;"<-7>"[LibertinusMath-Regular.otf]:mode=bas
e;script=math;language=dflt;mathfontdimen=xetex;embolden=3;mathfontdimen=tex3;+
ssty=1;"

LaTeX Font Info:    Encoding `OMX' has changed to `TU' for symbol font
(Font)              `largesymbols' in the math version `bold' on input line 406
.
LaTeX Font Info:    Overwriting symbol font `largesymbols' in version `bold'
(Font)                  OMX/cmex/m/n --> TU/LibertinusMath-Regular.otf(7)/m/n o
n input line 406.

Package fontspec Info: 
(fontspec)             Font family 'LinBiolinum_K.otf(0)' created for font
(fontspec)             'LinBiolinum_K.otf' with options
(fontspec)             [BoldFont={},ItalicFont={},SmallCapsFont={},RawFeature=+
liga].
(fontspec)              
(fontspec)              This font family consists of the following NFSS
(fontspec)             series/shapes:
(fontspec)              
(fontspec)             - 'normal' (m/n) with NFSS spec.:
(fontspec)             <->"[LinBiolinum_K.otf]:mode=node;script=latn;language=d
flt;+liga;"


Package fontspec Info: 
(fontspec)             Font family 'LibertinusKeyboard-Regular.otf(0)' created
(fontspec)             for font 'LibertinusKeyboard-Regular.otf' with options
(fontspec)             [BoldFont={},ItalicFont={},SmallCapsFont={},RawFeature=+
liga].
(fontspec)              
(fontspec)              This font family consists of the following NFSS
(fontspec)             series/shapes:
(fontspec)              
(fontspec)             - 'normal' (m/n) with NFSS spec.:
(fontspec)             <->"[LibertinusKeyboard-Regular.otf]:mode=node;script=la
tn;language=dflt;+liga;"


Package fontspec Info: 
(fontspec)             Font family 'LibertinusSerifDisplay-Regular.otf(0)'
(fontspec)             created for font 'LibertinusSerifDisplay-Regular.otf'
(fontspec)             with options [].
(fontspec)              
(fontspec)              This font family consists of the following NFSS
(fontspec)             series/shapes:
(fontspec)              
(fontspec)             - 'normal' (m/n) with NFSS spec.:
(fontspec)             <->"[LibertinusSerifDisplay-Regular.otf]:mode=node;scrip
t=latn;language=dflt;"


Package fontspec Info: 
(fontspec)             Font family 'LibertinusSerifInitials-Regular.otf(0)'
(fontspec)             created for font 'LibertinusSerifInitials-Regular.otf'
(fontspec)             with options [].
(fontspec)              
(fontspec)              This font family consists of the following NFSS
(fontspec)             series/shapes:
(fontspec)              
(fontspec)             - 'normal' (m/n) with NFSS spec.:
(fontspec)             <->"[LibertinusSerifInitials-Regular.otf]:mode=node;scri
pt=latn;language=dflt;"

) (/usr/local/texlive/2026/texmf-dist/tex/latex/microtype/microtype.sty
Package: microtype 2026/03/01 v3.2d Micro-typographical refinements (RS)
\MT@toks=\toks27
\MT@tempbox=\box56
\MT@count=\count317
LaTeX Info: Redefining \noprotrusionifhmode on input line 1084.
LaTeX Info: Redefining \leftprotrusion on input line 1085.
\MT@prot@toks=\toks28
LaTeX Info: Redefining \rightprotrusion on input line 1104.
LaTeX Info: Redefining \textls on input line 1449.
\MT@outer@kern=\dimen178
LaTeX Info: Redefining \microtypecontext on input line 2053.
LaTeX Info: Redefining \textmicrotypecontext on input line 2070.
\MT@listname@count=\count318

(/usr/local/texlive/2026/texmf-dist/tex/latex/microtype/microtype-luatex.def
File: microtype-luatex.def 2026/03/01 v3.2d Definitions specific to luatex (RS)

Lua module: microtype 2026/03/01 v3.2d microtype module.
Module microtype Info: overwriting function `keepligature' on input line 63
LaTeX Info: Redefining \lsstyle on input line 779.
LaTeX Info: Redefining \lslig on input line 779.
\MT@outer@space=\skip58
)
Package microtype Info: Loading configuration file microtype.cfg.

(/usr/local/texlive/2026/texmf-dist/tex/latex/microtype/microtype.cfg
File: microtype.cfg 2026/03/01 v3.2d microtype main configuration file (RS)
)
LaTeX Info: Redefining \microtypesetup on input line 3065.
)
(/usr/local/texlive/2026/texmf-dist/tex/latex/setspace/setspace.sty
Package: setspace 2022/12/04 v6.7b set line spacing
)
(/usr/local/texlive/2026/texmf-dist/tex/latex/listings/listings.sty
\lst@mode=\count319
\lst@gtempboxa=\box57
\lst@token=\toks29
\lst@length=\count320
\lst@currlwidth=\dimen179
\lst@column=\count321
\lst@pos=\count322
\lst@lostspace=\dimen180
\lst@width=\dimen181
\lst@newlines=\count323
\lst@lineno=\count324
\lst@maxwidth=\dimen182

(/usr/local/texlive/2026/texmf-dist/tex/latex/listings/lstpatch.sty
File: lstpatch.sty 2025/11/14 1.11b (Carsten Heinz)
)
(/usr/local/texlive/2026/texmf-dist/tex/latex/listings/lstmisc.sty
File: lstmisc.sty 2025/11/14 1.11b (Carsten Heinz)
\c@lstnumber=\count325
\lst@skipnumbers=\count326
\lst@framebox=\box58
)
(/usr/local/texlive/2026/texmf-dist/tex/latex/listings/listings.cfg
File: listings.cfg 2025/11/14 1.11b listings configuration
))
Package: listings 2025/11/14 1.11b (Carsten Heinz)

==> First Aid for listings.sty no longer applied!
    Expected:
        2024/09/23 1.10c (Carsten Heinz)
    but found:
        2025/11/14 1.11b (Carsten Heinz)
    so I'm assuming it got fixed.
(/usr/local/texlive/2026/texmf-dist/tex/latex/booktabs/booktabs.sty
Package: booktabs 2020/01/12 v1.61803398 Publication quality tables
\heavyrulewidth=\dimen183
\lightrulewidth=\dimen184
\cmidrulewidth=\dimen185
\belowrulesep=\dimen186
\belowbottomsep=\dimen187
\aboverulesep=\dimen188
\abovetopsep=\dimen189
\cmidrulesep=\dimen190
\cmidrulekern=\dimen191
\defaultaddspace=\dimen192
\@cmidla=\count327
\@cmidlb=\count328
\@aboverulesep=\dimen193
\@belowrulesep=\dimen194
\@thisruleclass=\count329
\@lastruleclass=\count330
\@thisrulewidth=\dimen195
)
(/usr/local/texlive/2026/texmf-dist/tex/latex/multirow/multirow.sty
Package: multirow 2024/11/12 v2.9 Span multiple rows of a table
\multirow@colwidth=\skip59
\multirow@cntb=\count331
\multirow@dima=\skip60
\bigstrutjot=\dimen196
)
(/usr/local/texlive/2026/texmf-dist/tex/latex/caption/subcaption.sty
Package: subcaption 2023/07/28 v1.6b Sub-captions (AR)

(/usr/local/texlive/2026/texmf-dist/tex/latex/caption/caption.sty
Package: caption 2023/08/05 v3.6o Customizing captions (AR)

(/usr/local/texlive/2026/texmf-dist/tex/latex/caption/caption3.sty
Package: caption3 2023/07/31 v2.4d caption3 kernel (AR)
\caption@tempdima=\dimen197
\captionmargin=\dimen198
\caption@leftmargin=\dimen199
\caption@rightmargin=\dimen256
\caption@width=\dimen257
\caption@indent=\dimen258
\caption@parindent=\dimen259
\caption@hangindent=\dimen260
Package caption Info: Standard document class detected.
)
\c@caption@flags=\count332
\c@continuedfloat=\count333
Package caption Info: listings package is loaded.
)
Package caption Info: New subtype `subfigure' on input line 238.
\c@subfigure=\count334
Package caption Info: New subtype `subtable' on input line 238.
\c@subtable=\count335
)
(/usr/local/texlive/2026/texmf-dist/tex/latex/float/float.sty
Package: float 2001/11/08 v1.3d Float enhancements (AL)
\c@float@type=\count336
\float@exts=\toks30
\float@box=\box59
\@float@everytoks=\toks31
\@floatcapt=\box60
)
(/usr/local/texlive/2026/texmf-dist/tex/latex/morefloats/morefloats.sty
Package: morefloats 2025/01/28 v1.1a Raise limit of unprocessed floats (HMM)
Package morefloats Info: Maximum number of possible floats asked for: 36
(morefloats)             (i.e. 18 more floats).
(morefloats)             LaTeX might run out of memory before this
(morefloats)             (in which case it will notify you).
)
(/usr/local/texlive/2026/texmf-dist/tex/latex/placeins/placeins.sty
Package: placeins 2005/04/18  v 2.2
)
(/usr/local/texlive/2026/texmf-dist/tex/latex/tools/longtable.sty
Package: longtable 2025-10-13 v4.24 Multi-page Table package (DPC)
\LTleft=\skip61
\LTright=\skip62
\LTpre=\skip63
\LTpost=\skip64
\LTchunksize=\count337
\LTcapwidth=\dimen261
\LT@head=\box61
\LT@firsthead=\box62
\LT@foot=\box63
\LT@lastfoot=\box64
\LT@gbox=\box65
\LT@cols=\count338
\LT@rows=\count339
\c@LT@tables=\count340
\c@LT@chunks=\count341
\LT@p@ftn=\toks32
)
(/usr/local/texlive/2026/texmf-dist/tex/latex/tools/tabularx.sty
Package: tabularx 2023/12/11 v2.12a `tabularx' package (DPC)

(/usr/local/texlive/2026/texmf-dist/tex/latex/tools/array.sty
Package: array 2025/09/25 v2.6n Tabular extension package (FMi)
\col@sep=\dimen262
\ar@mcellbox=\box66
\extrarowheight=\dimen263
\NC@list=\toks33
\extratabsurround=\skip65
\backup@length=\skip66
\ar@cellbox=\box67
)
\TX@col@width=\dimen264
\TX@old@table=\dimen265
\TX@old@col=\dimen266
\TX@target=\dimen267
\TX@delta=\dimen268
\TX@cols=\count342
\TX@ftn=\toks34
)
(/usr/local/texlive/2026/texmf-dist/tex/latex/algorithms/algorithm.sty
Package: algorithm 2009/08/24 v0.1 Document Style `algorithm' - floating enviro
nment

(/usr/local/texlive/2026/texmf-dist/tex/latex/base/ifthen.sty
Package: ifthen 2024/03/16 v1.1e Standard LaTeX ifthen package (DPC)
)
\@float@every@algorithm=\toks35
\c@algorithm=\count343
)
(/usr/local/texlive/2026/texmf-dist/tex/latex/algorithmicx/algpseudocode.sty
Package: algpseudocode 

(/usr/local/texlive/2026/texmf-dist/tex/latex/algorithmicx/algorithmicx.sty
Package: algorithmicx 2005/04/27 v1.2 Algorithmicx

Document Style algorithmicx 1.2 - a greatly improved `algorithmic' style
\c@ALG@line=\count344
\c@ALG@rem=\count345
\c@ALG@nested=\count346
\ALG@tlm=\skip67
\ALG@thistlm=\skip68
\c@ALG@Lnr=\count347
\c@ALG@blocknr=\count348
\c@ALG@storecount=\count349
\c@ALG@tmpcounter=\count350
\ALG@tmplength=\skip69
)
Document Style - pseudocode environments for use with the `algorithmicx' style
) (/usr/local/texlive/2026/texmf-dist/tex/latex/pgf/frontendlayer/tikz.sty
(/usr/local/texlive/2026/texmf-dist/tex/latex/pgf/basiclayer/pgf.sty
(/usr/local/texlive/2026/texmf-dist/tex/latex/pgf/utilities/pgfrcs.sty
(/usr/local/texlive/2026/texmf-dist/tex/generic/pgf/utilities/pgfutil-common.te
x
\pgfutil@everybye=\toks36
\pgfutil@tempdima=\dimen269
\pgfutil@tempdimb=\dimen270
)
(/usr/local/texlive/2026/texmf-dist/tex/generic/pgf/utilities/pgfutil-latex.def
\pgfutil@abb=\box68
) (/usr/local/texlive/2026/texmf-dist/tex/generic/pgf/utilities/pgfrcs.code.tex
(/usr/local/texlive/2026/texmf-dist/tex/generic/pgf/pgf.revision.tex)
Package: pgfrcs 2025-08-29 v3.1.11a (3.1.11a)
))
Package: pgf 2025-08-29 v3.1.11a (3.1.11a)

(/usr/local/texlive/2026/texmf-dist/tex/latex/pgf/basiclayer/pgfcore.sty
(/usr/local/texlive/2026/texmf-dist/tex/latex/graphics/graphicx.sty
Package: graphicx 2024/12/31 v1.2e Enhanced LaTeX Graphics (DPC,SPQR)

(/usr/local/texlive/2026/texmf-dist/tex/latex/graphics/graphics.sty
Package: graphics 2024/08/06 v1.4g Standard LaTeX Graphics (DPC,SPQR)

(/usr/local/texlive/2026/texmf-dist/tex/latex/graphics/trig.sty
Package: trig 2023/12/02 v1.11 sin cos tan (DPC)
)
(/usr/local/texlive/2026/texmf-dist/tex/latex/graphics-cfg/graphics.cfg
File: graphics.cfg 2016/06/04 v1.11 sample graphics configuration
)
Package graphics Info: Driver file: luatex.def on input line 106.

(/usr/local/texlive/2026/texmf-dist/tex/latex/graphics-def/luatex.def
File: luatex.def 2025/09/29 v1.2f Graphics/color driver for luatex
))
\Gin@req@height=\dimen271
\Gin@req@width=\dimen272
)
(/usr/local/texlive/2026/texmf-dist/tex/latex/pgf/systemlayer/pgfsys.sty
(/usr/local/texlive/2026/texmf-dist/tex/generic/pgf/systemlayer/pgfsys.code.tex
Package: pgfsys 2025-08-29 v3.1.11a (3.1.11a)
(/usr/local/texlive/2026/texmf-dist/tex/generic/pgf/utilities/pgfkeys.code.tex
\pgfkeys@pathtoks=\toks37
\pgfkeys@temptoks=\toks38

(/usr/local/texlive/2026/texmf-dist/tex/generic/pgf/utilities/pgfkeyslibraryfil
tered.code.tex
\pgfkeys@tmptoks=\toks39
))
\pgf@x=\dimen273
\pgf@y=\dimen274
\pgf@xa=\dimen275
\pgf@ya=\dimen276
\pgf@xb=\dimen277
\pgf@yb=\dimen278
\pgf@xc=\dimen279
\pgf@yc=\dimen280
\pgf@xd=\dimen281
\pgf@yd=\dimen282
\w@pgf@writea=\write3
\r@pgf@reada=\read2
\c@pgf@counta=\count351
\c@pgf@countb=\count352
\c@pgf@countc=\count353
\c@pgf@countd=\count354
\t@pgf@toka=\toks40
\t@pgf@tokb=\toks41
\t@pgf@tokc=\toks42
\pgf@sys@id@count=\count355

(/usr/local/texlive/2026/texmf-dist/tex/generic/pgf/systemlayer/pgf.cfg
File: pgf.cfg 2025-08-29 v3.1.11a (3.1.11a)
)
Driver file for pgf: pgfsys-luatex.def

(/usr/local/texlive/2026/texmf-dist/tex/generic/pgf/systemlayer/pgfsys-luatex.d
ef
File: pgfsys-luatex.def 2025-08-29 v3.1.11a (3.1.11a)

(/usr/local/texlive/2026/texmf-dist/tex/generic/pgf/systemlayer/pgfsys-common-p
df.def
File: pgfsys-common-pdf.def 2025-08-29 v3.1.11a (3.1.11a)
)))
(/usr/local/texlive/2026/texmf-dist/tex/generic/pgf/systemlayer/pgfsyssoftpath.
code.tex
File: pgfsyssoftpath.code.tex 2025-08-29 v3.1.11a (3.1.11a)
\pgfsyssoftpath@smallbuffer@items=\count356
\pgfsyssoftpath@bigbuffer@items=\count357
)
(/usr/local/texlive/2026/texmf-dist/tex/generic/pgf/systemlayer/pgfsysprotocol.
code.tex
File: pgfsysprotocol.code.tex 2025-08-29 v3.1.11a (3.1.11a)
)) (/usr/local/texlive/2026/texmf-dist/tex/latex/xcolor/xcolor.sty
Package: xcolor 2024/09/29 v3.02 LaTeX color extensions (UK)

(/usr/local/texlive/2026/texmf-dist/tex/latex/graphics-cfg/color.cfg
File: color.cfg 2016/01/02 v1.6 sample color configuration
)
Package xcolor Info: Driver file: luatex.def on input line 274.

(/usr/local/texlive/2026/texmf-dist/tex/latex/graphics/mathcolor.ltx)
Package xcolor Info: Model `cmy' substituted by `cmy0' on input line 1349.
Package xcolor Info: Model `hsb' substituted by `rgb' on input line 1353.
Package xcolor Info: Model `RGB' extended on input line 1365.
Package xcolor Info: Model `HTML' substituted by `rgb' on input line 1367.
Package xcolor Info: Model `Hsb' substituted by `hsb' on input line 1368.
Package xcolor Info: Model `tHsb' substituted by `hsb' on input line 1369.
Package xcolor Info: Model `HSB' substituted by `hsb' on input line 1370.
Package xcolor Info: Model `Gray' substituted by `gray' on input line 1371.
Package xcolor Info: Model `wave' substituted by `hsb' on input line 1372.
)
(/usr/local/texlive/2026/texmf-dist/tex/generic/pgf/basiclayer/pgfcore.code.tex
Package: pgfcore 2025-08-29 v3.1.11a (3.1.11a)
(/usr/local/texlive/2026/texmf-dist/tex/generic/pgf/math/pgfmath.code.tex
(/usr/local/texlive/2026/texmf-dist/tex/generic/pgf/math/pgfmathutil.code.tex)
(/usr/local/texlive/2026/texmf-dist/tex/generic/pgf/math/pgfmathparser.code.tex
\pgfmath@dimen=\dimen283
\pgfmath@count=\count358
\pgfmath@box=\box69
\pgfmath@toks=\toks43
\pgfmath@stack@operand=\toks44
\pgfmath@stack@operation=\toks45
)
(/usr/local/texlive/2026/texmf-dist/tex/generic/pgf/math/pgfmathfunctions.code.
tex)
(/usr/local/texlive/2026/texmf-dist/tex/generic/pgf/math/pgfmathfunctions.basic
.code.tex)
(/usr/local/texlive/2026/texmf-dist/tex/generic/pgf/math/pgfmathfunctions.trigo
nometric.code.tex)
(/usr/local/texlive/2026/texmf-dist/tex/generic/pgf/math/pgfmathfunctions.rando
m.code.tex)
(/usr/local/texlive/2026/texmf-dist/tex/generic/pgf/math/pgfmathfunctions.compa
rison.code.tex)
(/usr/local/texlive/2026/texmf-dist/tex/generic/pgf/math/pgfmathfunctions.base.
code.tex)
(/usr/local/texlive/2026/texmf-dist/tex/generic/pgf/math/pgfmathfunctions.round
.code.tex)
(/usr/local/texlive/2026/texmf-dist/tex/generic/pgf/math/pgfmathfunctions.misc.
code.tex)
(/usr/local/texlive/2026/texmf-dist/tex/generic/pgf/math/pgfmathfunctions.integ
erarithmetics.code.tex)
(/usr/local/texlive/2026/texmf-dist/tex/generic/pgf/math/pgfmathcalc.code.tex)
(/usr/local/texlive/2026/texmf-dist/tex/generic/pgf/math/pgfmathfloat.code.tex
\c@pgfmathroundto@lastzeros=\count359
)) (/usr/local/texlive/2026/texmf-dist/tex/generic/pgf/math/pgfint.code.tex)
(/usr/local/texlive/2026/texmf-dist/tex/generic/pgf/basiclayer/pgfcorepoints.co
de.tex
File: pgfcorepoints.code.tex 2025-08-29 v3.1.11a (3.1.11a)
\pgf@picminx=\dimen284
\pgf@picmaxx=\dimen285
\pgf@picminy=\dimen286
\pgf@picmaxy=\dimen287
\pgf@pathminx=\dimen288
\pgf@pathmaxx=\dimen289
\pgf@pathminy=\dimen290
\pgf@pathmaxy=\dimen291
\pgf@xx=\dimen292
\pgf@xy=\dimen293
\pgf@yx=\dimen294
\pgf@yy=\dimen295
\pgf@zx=\dimen296
\pgf@zy=\dimen297
)
(/usr/local/texlive/2026/texmf-dist/tex/generic/pgf/basiclayer/pgfcorepathconst
ruct.code.tex
File: pgfcorepathconstruct.code.tex 2025-08-29 v3.1.11a (3.1.11a)
\pgf@path@lastx=\dimen298
\pgf@path@lasty=\dimen299
)
(/usr/local/texlive/2026/texmf-dist/tex/generic/pgf/basiclayer/pgfcorepathusage
.code.tex
File: pgfcorepathusage.code.tex 2025-08-29 v3.1.11a (3.1.11a)
\pgf@shorten@end@additional=\dimen300
\pgf@shorten@start@additional=\dimen301
)
(/usr/local/texlive/2026/texmf-dist/tex/generic/pgf/basiclayer/pgfcorescopes.co
de.tex
File: pgfcorescopes.code.tex 2025-08-29 v3.1.11a (3.1.11a)
\pgfpic=\box70
\pgf@hbox=\box71
\pgf@layerbox@main=\box72
\pgf@picture@serial@count=\count360
)
(/usr/local/texlive/2026/texmf-dist/tex/generic/pgf/basiclayer/pgfcoregraphicst
ate.code.tex
File: pgfcoregraphicstate.code.tex 2025-08-29 v3.1.11a (3.1.11a)
\pgflinewidth=\dimen302
)
(/usr/local/texlive/2026/texmf-dist/tex/generic/pgf/basiclayer/pgfcoretransform
ations.code.tex
File: pgfcoretransformations.code.tex 2025-08-29 v3.1.11a (3.1.11a)
\pgf@pt@x=\dimen303
\pgf@pt@y=\dimen304
\pgf@pt@temp=\dimen305
)
(/usr/local/texlive/2026/texmf-dist/tex/generic/pgf/basiclayer/pgfcorequick.cod
e.tex
File: pgfcorequick.code.tex 2025-08-29 v3.1.11a (3.1.11a)
)
(/usr/local/texlive/2026/texmf-dist/tex/generic/pgf/basiclayer/pgfcoreobjects.c
ode.tex
File: pgfcoreobjects.code.tex 2025-08-29 v3.1.11a (3.1.11a)
)
(/usr/local/texlive/2026/texmf-dist/tex/generic/pgf/basiclayer/pgfcorepathproce
ssing.code.tex
File: pgfcorepathprocessing.code.tex 2025-08-29 v3.1.11a (3.1.11a)
)
(/usr/local/texlive/2026/texmf-dist/tex/generic/pgf/basiclayer/pgfcorearrows.co
de.tex
File: pgfcorearrows.code.tex 2025-08-29 v3.1.11a (3.1.11a)
\pgfarrowsep=\dimen306
)
(/usr/local/texlive/2026/texmf-dist/tex/generic/pgf/basiclayer/pgfcoreshade.cod
e.tex
File: pgfcoreshade.code.tex 2025-08-29 v3.1.11a (3.1.11a)
\pgf@max=\dimen307
\pgf@sys@shading@range@num=\count361
\pgf@shadingcount=\count362
)
(/usr/local/texlive/2026/texmf-dist/tex/generic/pgf/basiclayer/pgfcoreimage.cod
e.tex
File: pgfcoreimage.code.tex 2025-08-29 v3.1.11a (3.1.11a)
)
(/usr/local/texlive/2026/texmf-dist/tex/generic/pgf/basiclayer/pgfcoreexternal.
code.tex
File: pgfcoreexternal.code.tex 2025-08-29 v3.1.11a (3.1.11a)
\pgfexternal@startupbox=\box73
)
(/usr/local/texlive/2026/texmf-dist/tex/generic/pgf/basiclayer/pgfcorelayers.co
de.tex
File: pgfcorelayers.code.tex 2025-08-29 v3.1.11a (3.1.11a)
)
(/usr/local/texlive/2026/texmf-dist/tex/generic/pgf/basiclayer/pgfcoretranspare
ncy.code.tex
File: pgfcoretransparency.code.tex 2025-08-29 v3.1.11a (3.1.11a)
)
(/usr/local/texlive/2026/texmf-dist/tex/generic/pgf/basiclayer/pgfcorepatterns.
code.tex
File: pgfcorepatterns.code.tex 2025-08-29 v3.1.11a (3.1.11a)
)
(/usr/local/texlive/2026/texmf-dist/tex/generic/pgf/basiclayer/pgfcorerdf.code.
tex
File: pgfcorerdf.code.tex 2025-08-29 v3.1.11a (3.1.11a)
)))
(/usr/local/texlive/2026/texmf-dist/tex/generic/pgf/modules/pgfmoduleshapes.cod
e.tex
File: pgfmoduleshapes.code.tex 2025-08-29 v3.1.11a (3.1.11a)
\pgfnodeparttextbox=\box74
)
(/usr/local/texlive/2026/texmf-dist/tex/generic/pgf/modules/pgfmoduleplot.code.
tex
File: pgfmoduleplot.code.tex 2025-08-29 v3.1.11a (3.1.11a)
)
(/usr/local/texlive/2026/texmf-dist/tex/latex/pgf/compatibility/pgfcomp-version
-0-65.sty
Package: pgfcomp-version-0-65 2025-08-29 v3.1.11a (3.1.11a)
\pgf@nodesepstart=\dimen308
\pgf@nodesepend=\dimen309
)
(/usr/local/texlive/2026/texmf-dist/tex/latex/pgf/compatibility/pgfcomp-version
-1-18.sty
Package: pgfcomp-version-1-18 2025-08-29 v3.1.11a (3.1.11a)
))
(/usr/local/texlive/2026/texmf-dist/tex/latex/pgf/utilities/pgffor.sty
(/usr/local/texlive/2026/texmf-dist/tex/latex/pgf/utilities/pgfkeys.sty
(/usr/local/texlive/2026/texmf-dist/tex/generic/pgf/utilities/pgfkeys.code.tex))
 (/usr/local/texlive/2026/texmf-dist/tex/latex/pgf/math/pgfmath.sty
(/usr/local/texlive/2026/texmf-dist/tex/generic/pgf/math/pgfmath.code.tex))
(/usr/local/texlive/2026/texmf-dist/tex/generic/pgf/utilities/pgffor.code.tex
Package: pgffor 2025-08-29 v3.1.11a (3.1.11a)
\pgffor@iter=\dimen310
\pgffor@skip=\dimen311
\pgffor@stack=\toks46
\pgffor@toks=\toks47
))
(/usr/local/texlive/2026/texmf-dist/tex/generic/pgf/frontendlayer/tikz/tikz.cod
e.tex
Package: tikz 2025-08-29 v3.1.11a (3.1.11a)

(/usr/local/texlive/2026/texmf-dist/tex/generic/pgf/libraries/pgflibraryplothan
dlers.code.tex
File: pgflibraryplothandlers.code.tex 2025-08-29 v3.1.11a (3.1.11a)
\pgf@plot@mark@count=\count363
\pgfplotmarksize=\dimen312
)
\tikz@lastx=\dimen313
\tikz@lasty=\dimen314
\tikz@lastxsaved=\dimen315
\tikz@lastysaved=\dimen316
\tikz@lastmovetox=\dimen317
\tikz@lastmovetoy=\dimen318
\tikzleveldistance=\dimen319
\tikzsiblingdistance=\dimen320
\tikz@figbox=\box75
\tikz@figbox@bg=\box76
\tikz@tempbox=\box77
\tikz@tempbox@bg=\box78
\tikztreelevel=\count364
\tikznumberofchildren=\count365
\tikznumberofcurrentchild=\count366
\tikz@fig@count=\count367

(/usr/local/texlive/2026/texmf-dist/tex/generic/pgf/modules/pgfmodulematrix.cod
e.tex
File: pgfmodulematrix.code.tex 2025-08-29 v3.1.11a (3.1.11a)
\pgfmatrixcurrentrow=\count368
\pgfmatrixcurrentcolumn=\count369
\pgf@matrix@numberofcolumns=\count370
)
\tikz@expandcount=\count371

(/usr/local/texlive/2026/texmf-dist/tex/generic/pgf/frontendlayer/tikz/librarie
s/tikzlibrarytopaths.code.tex
File: tikzlibrarytopaths.code.tex 2025-08-29 v3.1.11a (3.1.11a)
)))
(/usr/local/texlive/2026/texmf-dist/tex/latex/adjustbox/adjustbox.sty
Package: adjustbox 2025/02/26 v1.3c Adjusting TeX boxes (trim, clip, ...)

(/usr/local/texlive/2026/texmf-dist/tex/latex/adjustbox/adjcalc.sty
Package: adjcalc 2012/05/16 v1.1 Provides advanced setlength with multiple back
-ends (calc, etex, pgfmath)
)
(/usr/local/texlive/2026/texmf-dist/tex/latex/adjustbox/trimclip.sty
Package: trimclip 2025/02/21 v1.2a Trim and clip general TeX material

(/usr/local/texlive/2026/texmf-dist/tex/latex/collectbox/collectbox.sty
Package: collectbox 2022/10/17 v0.4c Collect macro arguments as boxes
\collectedbox=\box79
)
\tc@llx=\dimen321
\tc@lly=\dimen322
\tc@urx=\dimen323
\tc@ury=\dimen324
Package trimclip Info: Using driver 'tc-luatex.def'.

(/usr/local/texlive/2026/texmf-dist/tex/latex/adjustbox/tc-luatex.def
File: tc-luatex.def 2025/02/26 v1.1 Clipping driver for luatex

(/usr/local/texlive/2026/texmf-dist/tex/latex/adjustbox/tc-pdftex.def
File: tc-pdftex.def 2025/02/26 v2.3 Clipping driver for pdftex
)))
\adjbox@Width=\dimen325
\adjbox@Height=\dimen326
\adjbox@Depth=\dimen327
\adjbox@Totalheight=\dimen328
\adjbox@pwidth=\dimen329
\adjbox@pheight=\dimen330
\adjbox@pdepth=\dimen331
\adjbox@ptotalheight=\dimen332

(/usr/local/texlive/2026/texmf-dist/tex/latex/ifoddpage/ifoddpage.sty
Package: ifoddpage 2022/10/18 v1.2 Conditionals for odd/even page detection
\c@checkoddpage=\count372
)
(/usr/local/texlive/2026/texmf-dist/tex/latex/varwidth/varwidth.sty
Package: varwidth 2009/03/30 ver 0.92;  Variable-width minipages
\@vwid@box=\box80
\sift@deathcycles=\count373
\@vwid@loff=\dimen333
\@vwid@roff=\dimen334
)
==> First Aid for varwidth.sty applied!
) (/usr/local/texlive/2026/texmf-dist/tex/latex/pgfplots/pgfplots.sty
(/usr/local/texlive/2026/texmf-dist/tex/generic/pgfplots/pgfplots.revision.tex)
Package: pgfplots 2025/08/14 v1.18.2 Data Visualization (1.18.2)
(/usr/local/texlive/2026/texmf-dist/tex/generic/pgfplots/pgfplots.code.tex
(/usr/local/texlive/2026/texmf-dist/tex/generic/pgfplots/pgfplotscore.code.tex
Package pgfplots info on input line 124: Initializing with LUA version Lua 5.3
\pgfplots@luabackend@table=\catcodetable14
\t@pgfplots@toka=\toks48
\t@pgfplots@tokb=\toks49
\t@pgfplots@tokc=\toks50
\pgfplots@tmpa=\dimen335
\c@pgfplots@coordindex=\count374
\c@pgfplots@scanlineindex=\count375

(/usr/local/texlive/2026/texmf-dist/tex/generic/pgfplots/sys/pgfplotssysgeneric
.code.tex))
(/usr/local/texlive/2026/texmf-dist/tex/generic/pgfplots/libs/pgfplotslibrary.c
ode.tex)
(/usr/local/texlive/2026/texmf-dist/tex/generic/pgfplots/oldpgfcompatib/pgfplot
soldpgfsupp_loader.code.tex
(/usr/local/texlive/2026/texmf-dist/tex/generic/pgf/libraries/pgflibraryfpu.cod
e.tex)
(/usr/local/texlive/2026/texmf-dist/tex/generic/pgfplots/oldpgfcompatib/pgfplot
soldpgfsupp_pgfutil-common-lists.tex)
(/usr/local/texlive/2026/texmf-dist/tex/generic/pgf/libraries/luamath/pgflibrar
yluamath.code.tex)
Package pgfplots info on input line 292: luamath library shipped with pgf 3.1.1
1a is up-to-date
)
(/usr/local/texlive/2026/texmf-dist/tex/generic/pgfplots/util/pgfplotsutil.code
.tex
Package pgfplots info on input line 82: Found new luatex: initializing lua comm
ands instead of write18 (shell-escape)

(/usr/local/texlive/2026/texmf-dist/tex/generic/pgfplots/liststructure/pgfplots
liststructure.code.tex)
(/usr/local/texlive/2026/texmf-dist/tex/generic/pgfplots/liststructure/pgfplots
liststructureext.code.tex)
(/usr/local/texlive/2026/texmf-dist/tex/generic/pgfplots/liststructure/pgfplots
array.code.tex
\c@pgfplotsarray@tmp=\count376
)
(/usr/local/texlive/2026/texmf-dist/tex/generic/pgfplots/liststructure/pgfplots
matrix.code.tex)
(/usr/local/texlive/2026/texmf-dist/tex/generic/pgfplots/numtable/pgfplotstable
shared.code.tex
\c@pgfplotstable@counta=\count377
\t@pgfplotstable@a=\toks51
)
(/usr/local/texlive/2026/texmf-dist/tex/generic/pgfplots/liststructure/pgfplots
deque.code.tex)
(/usr/local/texlive/2026/texmf-dist/tex/generic/pgfplots/util/pgfplotsbinary.co
de.tex
(/usr/local/texlive/2026/texmf-dist/tex/generic/pgfplots/util/pgfplotsbinary.da
ta.code.tex))
(/usr/local/texlive/2026/texmf-dist/tex/generic/pgfplots/util/pgfplotsutil.verb
.code.tex)
(/usr/local/texlive/2026/texmf-dist/tex/generic/pgfplots/libs/pgflibrarypgfplot
s.surfshading.code.tex
\c@pgfplotslibrarysurf@no=\count378

(/usr/local/texlive/2026/texmf-dist/tex/generic/pgfplots/sys/pgflibrarypgfplots
.surfshading.pgfsys-luatex.def)))
(/usr/local/texlive/2026/texmf-dist/tex/generic/pgfplots/util/pgfplotscolormap.
code.tex
(/usr/local/texlive/2026/texmf-dist/tex/generic/pgfplots/util/pgfplotscolor.cod
e.tex))
(/usr/local/texlive/2026/texmf-dist/tex/generic/pgfplots/pgfplotsstackedplots.c
ode.tex)
(/usr/local/texlive/2026/texmf-dist/tex/generic/pgfplots/pgfplotsplothandlers.c
ode.tex
(/usr/local/texlive/2026/texmf-dist/tex/generic/pgfplots/pgfplotsmeshplothandle
r.code.tex
(/usr/local/texlive/2026/texmf-dist/tex/generic/pgfplots/pgfplotsmeshplotimage.
code.tex)))
(/usr/local/texlive/2026/texmf-dist/tex/generic/pgfplots/pgfplots.scaling.code.
tex)
(/usr/local/texlive/2026/texmf-dist/tex/generic/pgfplots/pgfplotscoordprocessin
g.code.tex)
(/usr/local/texlive/2026/texmf-dist/tex/generic/pgfplots/pgfplots.errorbars.cod
e.tex)
(/usr/local/texlive/2026/texmf-dist/tex/generic/pgfplots/pgfplots.markers.code.
tex)
(/usr/local/texlive/2026/texmf-dist/tex/generic/pgfplots/pgfplotsticks.code.tex
)
(/usr/local/texlive/2026/texmf-dist/tex/generic/pgfplots/pgfplots.paths.code.te
x)
(/usr/local/texlive/2026/texmf-dist/tex/generic/pgf/frontendlayer/tikz/librarie
s/tikzlibrarydecorations.code.tex
(/usr/local/texlive/2026/texmf-dist/tex/generic/pgf/modules/pgfmoduledecoration
s.code.tex
\pgfdecoratedcompleteddistance=\dimen336
\pgfdecoratedremainingdistance=\dimen337
\pgfdecoratedinputsegmentcompleteddistance=\dimen338
\pgfdecoratedinputsegmentremainingdistance=\dimen339
\pgf@decorate@distancetomove=\dimen340
\pgf@decorate@repeatstate=\count379
\pgfdecorationsegmentamplitude=\dimen341
\pgfdecorationsegmentlength=\dimen342
)
\tikz@lib@dec@box=\box81
)
(/usr/local/texlive/2026/texmf-dist/tex/generic/pgf/frontendlayer/tikz/librarie
s/tikzlibrarydecorations.pathmorphing.code.tex
(/usr/local/texlive/2026/texmf-dist/tex/generic/pgf/libraries/decorations/pgfli
brarydecorations.pathmorphing.code.tex))
(/usr/local/texlive/2026/texmf-dist/tex/generic/pgf/frontendlayer/tikz/librarie
s/tikzlibrarydecorations.pathreplacing.code.tex
(/usr/local/texlive/2026/texmf-dist/tex/generic/pgf/libraries/decorations/pgfli
brarydecorations.pathreplacing.code.tex))
(/usr/local/texlive/2026/texmf-dist/tex/generic/pgfplots/libs/tikzlibrarypgfplo
ts.contourlua.code.tex)
\pgfplots@numplots=\count380
\pgfplots@xmin@reg=\dimen343
\pgfplots@xmax@reg=\dimen344
\pgfplots@ymin@reg=\dimen345
\pgfplots@ymax@reg=\dimen346
\pgfplots@zmin@reg=\dimen347
\pgfplots@zmax@reg=\dimen348
)
(/usr/local/texlive/2026/texmf-dist/tex/generic/pgf/frontendlayer/tikz/librarie
s/tikzlibraryplotmarks.code.tex
File: tikzlibraryplotmarks.code.tex 2025-08-29 v3.1.11a (3.1.11a)

(/usr/local/texlive/2026/texmf-dist/tex/generic/pgf/libraries/pgflibraryplotmar
ks.code.tex
File: pgflibraryplotmarks.code.tex 2025-08-29 v3.1.11a (3.1.11a)
)))
(/usr/local/texlive/2026/texmf-dist/tex/latex/enumitem/enumitem.sty
Package: enumitem 2025/02/06 v3.11 Customized lists
\labelindent=\skip70
\enit@outerparindent=\dimen349
\enit@toks=\toks52
\enit@inbox=\box82
\enit@count@id=\count381
\enitdp@description=\count382
)
(/usr/local/texlive/2026/texmf-dist/tex/latex/needspace/needspace.sty
Package: needspace 2025/03/13 v1.3e reserve vertical space
)
(/usr/local/texlive/2026/texmf-dist/tex/latex/tcolorbox/tcolorbox.sty
Package: tcolorbox 2025/11/28 version 6.9.0 text color boxes

(/usr/local/texlive/2026/texmf-dist/tex/latex/tools/verbatim.sty
Package: verbatim 2024-01-22 v1.5x LaTeX2e package for verbatim enhancements
\every@verbatim=\toks53
\verbatim@line=\toks54
\verbatim@in@stream=\read3
)
(/usr/local/texlive/2026/texmf-dist/tex/latex/environ/environ.sty
Package: environ 2014/05/04 v0.3 A new way to define environments

(/usr/local/texlive/2026/texmf-dist/tex/latex/trimspaces/trimspaces.sty
Package: trimspaces 2009/09/17 v1.1 Trim spaces around a token list
))
\tcb@titlebox=\box83
\tcb@upperbox=\box84
\tcb@lowerbox=\box85
\tcb@phantombox=\box86
\c@tcbbreakpart=\count383
\c@tcblayer=\count384
\c@tcolorbox@number=\count385
\l__tcobox_tmpa_box=\box87
\l__tcobox_tmpa_dim=\dimen350
\tcb@temp=\box88
\tcb@temp=\box89
\tcb@temp=\box90
\tcb@temp=\box91

(/usr/local/texlive/2026/texmf-dist/tex/latex/tcolorbox/tcbraster.code.tex
Library (tcolorbox): 'tcbraster.code.tex' version '6.9.0'
\c@tcbrastercolumn=\count386
\c@tcbrasterrow=\count387
\c@tcbrasternum=\count388
\c@tcbraster=\count389
) (/usr/local/texlive/2026/texmf-dist/tex/latex/tcolorbox/tcbskins.code.tex
Library (tcolorbox): 'tcbskins.code.tex' version '6.9.0'
(/usr/local/texlive/2026/texmf-dist/tex/latex/tikzfill/tikzfill.image.sty
Package: tikzfill.image 2023/08/08 v1.0.1 Image filling library for TikZ

(/usr/local/texlive/2026/texmf-dist/tex/latex/tikzfill/tikzfill-common.sty
Package: tikzfill-common 2023/08/08 v1.0.1 Auxiliary code for tikzfill
)
(/usr/local/texlive/2026/texmf-dist/tex/latex/tikzfill/tikzlibraryfill.image.co
de.tex
File: tikzlibraryfill.image.code.tex 2023/08/08 v1.0.1 Image filling library
\l__tikzfill_img_box=\box92
))
(/usr/local/texlive/2026/texmf-dist/tex/latex/tcolorbox/tcbskinsjigsaw.code.tex
Library (tcolorbox): 'tcbskinsjigsaw.code.tex' version '6.9.0'
))
(/usr/local/texlive/2026/texmf-dist/tex/latex/tcolorbox/tcbbreakable.code.tex
Library (tcolorbox): 'tcbbreakable.code.tex' version '6.9.0'
(/usr/local/texlive/2026/texmf-dist/tex/latex/pdfcol/pdfcol.sty
Package: pdfcol 2022-09-21 v1.7 Handle new color stacks for pdfTeX (HO)

(/usr/local/texlive/2026/texmf-dist/tex/generic/infwarerr/infwarerr.sty
Package: infwarerr 2019/12/03 v1.5 Providing info/warning/error messages (HO)
))
Package pdfcol Info: New color stack `tcb@breakable' = 1 on input line 23.
\tcb@testbox=\box93
\tcb@totalupperbox=\box94
\tcb@totallowerbox=\box95

(/usr/local/texlive/2026/texmf-dist/tex/generic/iftex/ifluatex.sty
Package: ifluatex 2019/10/25 v1.5 ifluatex legacy package. Use iftex instead.
))
(/usr/local/texlive/2026/texmf-dist/tex/latex/tcolorbox/tcbhooks.code.tex
Library (tcolorbox): 'tcbhooks.code.tex' version '6.9.0'
) (/usr/local/texlive/2026/texmf-dist/tex/latex/tcolorbox/tcbtheorems.code.tex
Library (tcolorbox): 'tcbtheorems.code.tex' version '6.9.0'
) (/usr/local/texlive/2026/texmf-dist/tex/latex/tcolorbox/tcbfitting.code.tex
Library (tcolorbox): 'tcbfitting.code.tex' version '6.9.0'
\tcbfitdim=\dimen351
\tcb@lowerfitdim=\dimen352
\tcb@upperfitdim=\dimen353
\tcb@cur@hbadness=\count390
)
(/usr/local/texlive/2026/texmf-dist/tex/latex/tcolorbox/tcblistingsutf8.code.te
x
Library (tcolorbox): 'tcblistingsutf8.code.tex' version '6.9.0'
(/usr/local/texlive/2026/texmf-dist/tex/latex/tcolorbox/tcblistings.code.tex
Library (tcolorbox): 'tcblistings.code.tex' version '6.9.0'

(/usr/local/texlive/2026/texmf-dist/tex/latex/tcolorbox/tcblistingscore.code.te
x
Library (tcolorbox): 'tcblistingscore.code.tex' version '6.9.0'
(/usr/local/texlive/2026/texmf-dist/tex/latex/tcolorbox/tcbprocessing.code.tex
Library (tcolorbox): 'tcbprocessing.code.tex' version '6.9.0'
)
\c@tcblisting=\count391
))
Package tcolorbox Info: Library `listingsutf8' is compatible with pdftex only. 
Library `listings` is loaded instead. on input line 29.
)
(/usr/local/texlive/2026/texmf-dist/tex/latex/tcolorbox/tcbexternal.code.tex
Library (tcolorbox): 'tcbexternal.code.tex' version '6.9.0'
) (/usr/local/texlive/2026/texmf-dist/tex/latex/tcolorbox/tcbmagazine.code.tex
Library (tcolorbox): 'tcbmagazine.code.tex' version '6.9.0'
) (/usr/local/texlive/2026/texmf-dist/tex/latex/tcolorbox/tcbvignette.code.tex
Library (tcolorbox): 'tcbvignette.code.tex' version '6.9.0'

(/usr/local/texlive/2026/texmf-dist/tex/generic/pgf/frontendlayer/tikz/librarie
s/tikzlibraryfadings.code.tex
File: tikzlibraryfadings.code.tex 2025-08-29 v3.1.11a (3.1.11a)

(/usr/local/texlive/2026/texmf-dist/tex/generic/pgf/libraries/pgflibraryfadings
.code.tex
File: pgflibraryfadings.code.tex 2025-08-29 v3.1.11a (3.1.11a)
)))
(/usr/local/texlive/2026/texmf-dist/tex/latex/tcolorbox/tcbposter.code.tex
Library (tcolorbox): 'tcbposter.code.tex' version '6.9.0'
)) (/usr/local/texlive/2026/texmf-dist/tex/latex/tools/xspace.sty
Package: xspace 2014/10/28 v1.13 Space after command names (DPC,MH)
)
(/usr/local/texlive/2026/texmf-dist/tex/latex/hyperref/nameref.sty
Package: nameref 2026-01-29 v2.58 Cross-referencing by name of section

(/usr/local/texlive/2026/texmf-dist/tex/latex/refcount/refcount.sty
Package: refcount 2019/12/15 v3.6 Data extraction from label references (HO)
)
(/usr/local/texlive/2026/texmf-dist/tex/generic/gettitlestring/gettitlestring.s
ty
Package: gettitlestring 2019/12/15 v1.6 Cleanup title references (HO)
)
\c@section@level=\count392
) (/usr/local/texlive/2026/texmf-dist/tex/latex/marginnote/marginnote.sty
Package: marginnote 2026/01/02 1.4d non floating margin notes for LaTeX 
\c@mn@abspage=\count393
)
(/usr/local/texlive/2026/texmf-dist/tex/latex/biblatex/biblatex.sty
Package: biblatex 2025/07/10 v3.21 programmable bibliographies (PK/MW)

(/usr/local/texlive/2026/texmf-dist/tex/generic/pdftexcmds/pdftexcmds.sty
Package: pdftexcmds 2020-06-27 v0.33 Utility functions of pdfTeX for LuaTeX (HO
)
Package pdftexcmds Info: \pdf@primitive is available.
Package pdftexcmds Info: \pdf@ifprimitive is available.
Package pdftexcmds Info: \pdfdraftmode found.
\pdftexcmds@toks=\toks55
)
(/usr/local/texlive/2026/texmf-dist/tex/latex/logreq/logreq.sty
Package: logreq 2010/08/04 v1.0 xml request logger
\lrq@indent=\count394

(/usr/local/texlive/2026/texmf-dist/tex/latex/logreq/logreq.def
File: logreq.def 2010/08/04 v1.0 logreq spec v1.0
))
(/usr/local/texlive/2026/texmf-dist/tex/latex/url/url.sty
\Urlmuskip=\muskip19
Package: url 2013/09/16  ver 3.4  Verb mode for urls, etc.
)
\c@tabx@nest=\count395
\c@listtotal=\count396
\c@listcount=\count397
\c@liststart=\count398
\c@liststop=\count399
\c@citecount=\count400
\c@citetotal=\count401
\c@multicitecount=\count402
\c@multicitetotal=\count403
\c@instcount=\count404
\c@maxnames=\count405
\c@minnames=\count406
\c@maxitems=\count407
\c@minitems=\count408
\c@citecounter=\count409
\c@maxcitecounter=\count410
\c@savedcitecounter=\count411
\c@uniquelist=\count412
\c@uniquename=\count413
\c@refsection=\count414
\c@refsegment=\count415
\c@maxextratitle=\count416
\c@maxextratitleyear=\count417
\c@maxextraname=\count418
\c@maxextradate=\count419
\c@maxextraalpha=\count420
\c@abbrvpenalty=\count421
\c@highnamepenalty=\count422
\c@lownamepenalty=\count423
\c@maxparens=\count424
\c@parenlevel=\count425
\blx@tempcnta=\count426
\blx@tempcntb=\count427
\blx@tempcntc=\count428
\c@blx@maxsection=\count429
\blx@maxsegment@0=\count430
\blx@notetype=\count431
\blx@parenlevel@text=\count432
\blx@parenlevel@foot=\count433
\blx@sectionciteorder@0=\count434
\blx@sectionciteorderinternal@0=\count435
\blx@entrysetcounter=\count436
\blx@biblioinstance=\count437
\labelnumberwidth=\skip71
\labelalphawidth=\skip72
\biblabelsep=\skip73
\bibitemsep=\skip74
\bibnamesep=\skip75
\bibinitsep=\skip76
\bibparsep=\skip77
\bibhang=\skip78
\blx@bcfin=\read4
\blx@bcfout=\write4
\blx@langwohyphens=\language2
\c@mincomprange=\count438
\c@maxcomprange=\count439
\c@mincompwidth=\count440
Package biblatex Info: Trying to load biblatex default data model...
Package biblatex Info: ... file 'blx-dm.def' found.

(/usr/local/texlive/2026/texmf-dist/tex/latex/biblatex/blx-dm.def
File: blx-dm.def 2025/07/10 v3.21 biblatex datamodel (PK/MW)
)
Package biblatex Info: Trying to load biblatex style data model...
Package biblatex Info: ... file 'ieee.dbx' not found.
Package biblatex Info: Trying to load biblatex custom data model...
Package biblatex Info: ... file 'biblatex-dm.cfg' not found.
\c@afterword=\count441
\c@savedafterword=\count442
\c@annotator=\count443
\c@savedannotator=\count444
\c@author=\count445
\c@savedauthor=\count446
\c@bookauthor=\count447
\c@savedbookauthor=\count448
\c@commentator=\count449
\c@savedcommentator=\count450
\c@editor=\count451
\c@savededitor=\count452
\c@editora=\count453
\c@savededitora=\count454
\c@editorb=\count455
\c@savededitorb=\count456
\c@editorc=\count457
\c@savededitorc=\count458
\c@foreword=\count459
\c@savedforeword=\count460
\c@holder=\count461
\c@savedholder=\count462
\c@introduction=\count463
\c@savedintroduction=\count464
\c@namea=\count465
\c@savednamea=\count466
\c@nameb=\count467
\c@savednameb=\count468
\c@namec=\count469
\c@savednamec=\count470
\c@translator=\count471
\c@savedtranslator=\count472
\c@shortauthor=\count473
\c@savedshortauthor=\count474
\c@shorteditor=\count475
\c@savedshorteditor=\count476
\c@labelname=\count477
\c@savedlabelname=\count478
\c@institution=\count479
\c@savedinstitution=\count480
\c@lista=\count481
\c@savedlista=\count482
\c@listb=\count483
\c@savedlistb=\count484
\c@listc=\count485
\c@savedlistc=\count486
\c@listd=\count487
\c@savedlistd=\count488
\c@liste=\count489
\c@savedliste=\count490
\c@listf=\count491
\c@savedlistf=\count492
\c@location=\count493
\c@savedlocation=\count494
\c@organization=\count495
\c@savedorganization=\count496
\c@origlocation=\count497
\c@savedoriglocation=\count498
\c@origpublisher=\count499
\c@savedorigpublisher=\count500
\c@publisher=\count501
\c@savedpublisher=\count502
\c@language=\count503
\c@savedlanguage=\count504
\c@origlanguage=\count505
\c@savedoriglanguage=\count506
\c@pageref=\count507
\c@savedpageref=\count508
\shorthandwidth=\skip79
\shortjournalwidth=\skip80
\shortserieswidth=\skip81
\shorttitlewidth=\skip82
\shortauthorwidth=\skip83
\shorteditorwidth=\skip84
\locallabelnumberwidth=\skip85
\locallabelalphawidth=\skip86
\localshorthandwidth=\skip87
\localshortjournalwidth=\skip88
\localshortserieswidth=\skip89
\localshorttitlewidth=\skip90
\localshortauthorwidth=\skip91
\localshorteditorwidth=\skip92
Package biblatex Info: Trying to load enhanced support for Unicode engines...
Package biblatex Info: ... file 'blx-unicode.def' found.

(/usr/local/texlive/2026/texmf-dist/tex/latex/biblatex/blx-unicode.def)
Package biblatex Info: Trying to load compatibility code...
Package biblatex Info: ... file 'blx-compat.def' found.

(/usr/local/texlive/2026/texmf-dist/tex/latex/biblatex/blx-compat.def
File: blx-compat.def 2025/07/10 v3.21 biblatex compatibility (PK/MW)
)
Package biblatex Info: Trying to load generic definitions...
Package biblatex Info: ... file 'biblatex.def' found.

(/usr/local/texlive/2026/texmf-dist/tex/latex/biblatex/biblatex.def
File: biblatex.def 2025/07/10 v3.21 biblatex compatibility (PK/MW)
\c@textcitecount=\count509
\c@textcitetotal=\count510
\c@textcitemaxnames=\count511
\c@biburlbigbreakpenalty=\count512
\c@biburlbreakpenalty=\count513
\c@biburlnumpenalty=\count514
\c@biburlucpenalty=\count515
\c@biburllcpenalty=\count516
\biburlbigskip=\muskip20
\biburlnumskip=\muskip21
\biburlucskip=\muskip22
\biburllcskip=\muskip23
\c@smartand=\count517
)
Package biblatex Info: Trying to load bibliography style 'ieee'...
Package biblatex Info: ... file 'ieee.bbx' found.

(/usr/local/texlive/2026/texmf-dist/tex/latex/biblatex-ieee/ieee.bbx
File: ieee.bbx 2025-08-01 v1.4f biblatex bibliography style
Package biblatex Info: Trying to load bibliography style 'numeric-comp'...
Package biblatex Info: ... file 'numeric-comp.bbx' found.

(/usr/local/texlive/2026/texmf-dist/tex/latex/biblatex/bbx/numeric-comp.bbx
File: numeric-comp.bbx 2025/07/10 v3.21 biblatex bibliography style (PK/MW)
Package biblatex Info: Trying to load bibliography style 'numeric'...
Package biblatex Info: ... file 'numeric.bbx' found.

(/usr/local/texlive/2026/texmf-dist/tex/latex/biblatex/bbx/numeric.bbx
File: numeric.bbx 2025/07/10 v3.21 biblatex bibliography style (PK/MW)
Package biblatex Info: Trying to load bibliography style 'standard'...
Package biblatex Info: ... file 'standard.bbx' found.

(/usr/local/texlive/2026/texmf-dist/tex/latex/biblatex/bbx/standard.bbx
File: standard.bbx 2025/07/10 v3.21 biblatex bibliography style (PK/MW)
\c@bbx:relatedcount=\count518
\c@bbx:relatedtotal=\count519
))))
Package biblatex Info: Trying to load citation style 'numeric-comp'...
Package biblatex Info: ... file 'numeric-comp.cbx' found.

(/usr/local/texlive/2026/texmf-dist/tex/latex/biblatex/cbx/numeric-comp.cbx
File: numeric-comp.cbx 2025/07/10 v3.21 biblatex citation style (PK/MW)
\c@cbx@tempcnta=\count520
\c@cbx@tempcntb=\count521
\c@cbx@tempcntc=\count522
\c@cbx@tempcntd=\count523
Package biblatex Info: Redefining '\cite'.
Package biblatex Info: Redefining '\parencite'.
Package biblatex Info: Redefining '\footcite'.
Package biblatex Info: Redefining '\footcitetext'.
Package biblatex Info: Redefining '\smartcite'.
Package biblatex Info: Redefining '\supercite'.
Package biblatex Info: Redefining '\textcite'.
Package biblatex Info: Redefining '\textcites'.
Package biblatex Info: Redefining '\cites'.
Package biblatex Info: Redefining '\parencites'.
Package biblatex Info: Redefining '\smartcites'.
)
Package biblatex Info: Trying to load configuration file...
Package biblatex Info: ... file 'biblatex.cfg' found.

(/usr/local/texlive/2026/texmf-dist/tex/latex/biblatex/biblatex.cfg
File: biblatex.cfg 
)
Package biblatex Info: LuaTeX detected.
(biblatex)             Assuming input encoding 'utf8'.
Package biblatex Info: Document encoding is UTF8 ....
Package biblatex Info: ... and expl3
(biblatex)             2026-01-19 L3 programming layer (loader) 
(biblatex)             is new enough (at least 2020/04/06),
(biblatex)             setting 'casechanger=expl3'.

(/usr/local/texlive/2026/texmf-dist/tex/latex/biblatex/blx-case-expl3.sty
Package: blx-case-expl3 2025/07/10 v3.21 expl3 case changing code for biblatex
))
(/usr/local/texlive/2026/texmf-dist/tex/latex/acronym/acronym.sty
Package: acronym 2025/01/17 v1.50 Support for acronyms (Tobias Oetiker)

(/usr/local/texlive/2026/texmf-dist/tex/latex/bigfoot/suffix.sty
Package: suffix 2006/07/15 1.5a Variant command support
)
(/usr/local/texlive/2026/texmf-dist/tex/generic/xstring/xstring.sty
(/usr/local/texlive/2026/texmf-dist/tex/generic/xstring/xstring.tex
\xs_counta=\count524
\xs_countb=\count525
)
Package: xstring 2023/08/22 v1.86 String manipulations (CT)
)
\AC@clearlist=\toks56
)
\c@tcb@cnt@designrule=\count526

(/usr/local/texlive/2026/texmf-dist/tex/latex/ragged2e/ragged2e.sty
Package: ragged2e 2023/06/22 v3.6 ragged2e Package
\CenteringLeftskip=\skip93
\RaggedLeftLeftskip=\skip94
\RaggedRightLeftskip=\skip95
\CenteringRightskip=\skip96
\RaggedLeftRightskip=\skip97
\RaggedRightRightskip=\skip98
\CenteringParfillskip=\skip99
\RaggedLeftParfillskip=\skip100
\RaggedRightParfillskip=\skip101
\JustifyingParfillskip=\skip102
\CenteringParindent=\skip103
\RaggedLeftParindent=\skip104
\RaggedRightParindent=\skip105
\JustifyingParindent=\skip106
)
(/usr/local/texlive/2026/texmf-dist/tex/latex/xurl/xurl.sty
Package: xurl 2022/01/09 v 0.10 modify URL breaks

xurl: Set penalties for biblatex
) (/usr/local/texlive/2026/texmf-dist/tex/latex/hyperref/hyperref.sty
Package: hyperref 2026-01-29 v7.01p Hypertext links for LaTeX

(/usr/local/texlive/2026/texmf-dist/tex/generic/kvdefinekeys/kvdefinekeys.sty
Package: kvdefinekeys 2019-12-19 v1.6 Define keys (HO)
)
(/usr/local/texlive/2026/texmf-dist/tex/generic/pdfescape/pdfescape.sty
Package: pdfescape 2019/12/09 v1.15 Implements pdfTeX's escape features (HO)
)
(/usr/local/texlive/2026/texmf-dist/tex/latex/hycolor/hycolor.sty
Package: hycolor 2020-01-27 v1.10 Color options for hyperref/bookmark (HO)
)
(/usr/local/texlive/2026/texmf-dist/tex/generic/stringenc/stringenc.sty
Package: stringenc 2019/11/29 v1.12 Convert strings between diff. encodings (HO
)
)
\@linkdim=\dimen354
\Hy@linkcounter=\count527
\Hy@pagecounter=\count528

(/usr/local/texlive/2026/texmf-dist/tex/latex/hyperref/pd1enc.def
File: pd1enc.def 2026-01-29 v7.01p Hyperref: PDFDocEncoding definition (HO)
)
(/usr/local/texlive/2026/texmf-dist/tex/generic/intcalc/intcalc.sty
Package: intcalc 2019/12/15 v1.3 Expandable calculations with integers (HO)
)
\Hy@SavedSpaceFactor=\count529

(/usr/local/texlive/2026/texmf-dist/tex/latex/hyperref/puenc.def
File: puenc.def 2026-01-29 v7.01p Hyperref: PDF Unicode definition (HO)
)
Package hyperref Info: Option `colorlinks' set `true' on input line 4072.
Package hyperref Info: Hyper figures OFF on input line 4201.
Package hyperref Info: Link nesting OFF on input line 4206.
Package hyperref Info: Hyper index ON on input line 4209.
Package hyperref Info: Plain pages OFF on input line 4216.
Package hyperref Info: Backreferencing OFF on input line 4221.
Package hyperref Info: Implicit mode ON; LaTeX internals redefined.
Package hyperref Info: Bookmarks ON on input line 4468.
\c@Hy@tempcnt=\count530
LaTeX Info: Redefining \url on input line 4807.
\XeTeXLinkMargin=\dimen355

(/usr/local/texlive/2026/texmf-dist/tex/generic/bitset/bitset.sty
Package: bitset 2019/12/09 v1.3 Handle bit-vector datatype (HO)

(/usr/local/texlive/2026/texmf-dist/tex/generic/bigintcalc/bigintcalc.sty
Package: bigintcalc 2019/12/15 v1.5 Expandable calculations on big integers (HO
)
))
\Fld@menulength=\count531
\Field@Width=\dimen356
\Fld@charsize=\dimen357
Package hyperref Info: Hyper figures OFF on input line 6084.
Package hyperref Info: Link nesting OFF on input line 6089.
Package hyperref Info: Hyper index ON on input line 6092.
Package hyperref Info: backreferencing OFF on input line 6099.
Package hyperref Info: Link coloring ON on input line 6102.
Package hyperref Info: Link coloring with OCG OFF on input line 6109.
Package hyperref Info: PDF/A mode OFF on input line 6114.
\Hy@abspage=\count532
\c@Item=\count533
\c@Hfootnote=\count534
)
Package hyperref Info: Driver (autodetected): hluatex.

(/usr/local/texlive/2026/texmf-dist/tex/latex/hyperref/hluatex.def
File: hluatex.def 2026-01-29 v7.01p Hyperref driver for luaTeX
\Fld@listcount=\count535
\c@bookmark@seq@number=\count536

(/usr/local/texlive/2026/texmf-dist/tex/latex/rerunfilecheck/rerunfilecheck.sty
Package: rerunfilecheck 2025-06-21 v1.11 Rerun checks for auxiliary files (HO)

(/usr/local/texlive/2026/texmf-dist/tex/generic/uniquecounter/uniquecounter.sty
Package: uniquecounter 2019/12/15 v1.4 Provide unlimited unique counter (HO)
)
Package uniquecounter Info: New unique counter `rerunfilecheck' on input line 2
84.
)
\Hy@SectionHShift=\skip107
) (/usr/local/texlive/2026/texmf-dist/tex/latex/bookmark/bookmark.sty
Package: bookmark 2023-12-10 v1.31 PDF bookmarks (HO)

(/usr/local/texlive/2026/texmf-dist/tex/latex/bookmark/bkm-pdftex.def
File: bkm-pdftex.def 2023-12-10 v1.31 bookmark driver for pdfTeX and luaTeX (HO
)
\BKM@id=\count537
))
(/Users/simonknight/dev/papers/sk-shared.def
(/usr/local/texlive/2026/texmf-dist/tex/latex/cleveref/cleveref.sty
Package: cleveref 2018/03/27 v0.21.4 Intelligent cross-referencing
Package cleveref Info: `hyperref' support loaded on input line 2370.
LaTeX Info: Redefining \cref on input line 2370.
LaTeX Info: Redefining \Cref on input line 2370.
LaTeX Info: Redefining \crefrange on input line 2370.
LaTeX Info: Redefining \Crefrange on input line 2370.
LaTeX Info: Redefining \cpageref on input line 2370.
LaTeX Info: Redefining \Cpageref on input line 2370.
LaTeX Info: Redefining \cpagerefrange on input line 2370.
LaTeX Info: Redefining \Cpagerefrange on input line 2370.
LaTeX Info: Redefining \labelcref on input line 2370.
LaTeX Info: Redefining \labelcpageref on input line 2370.
Package cleveref Info: `algorithmicx' support loaded on input line 3120.
Package cleveref Info: `listings' support loaded on input line 3131.
)
==> First Aid for cleveref.sty applied!

(/usr/local/texlive/2026/texmf-dist/tex/generic/pgf/frontendlayer/tikz/librarie
s/tikzlibraryshapes.geometric.code.tex
File: tikzlibraryshapes.geometric.code.tex 2025-08-29 v3.1.11a (3.1.11a)

(/usr/local/texlive/2026/texmf-dist/tex/generic/pgf/libraries/shapes/pgflibrary
shapes.geometric.code.tex
File: pgflibraryshapes.geometric.code.tex 2025-08-29 v3.1.11a (3.1.11a)
))
(/usr/local/texlive/2026/texmf-dist/tex/generic/pgf/frontendlayer/tikz/librarie
s/tikzlibraryshapes.symbols.code.tex
File: tikzlibraryshapes.symbols.code.tex 2025-08-29 v3.1.11a (3.1.11a)

(/usr/local/texlive/2026/texmf-dist/tex/generic/pgf/libraries/shapes/pgflibrary
shapes.symbols.code.tex
File: pgflibraryshapes.symbols.code.tex 2025-08-29 v3.1.11a (3.1.11a)
))
(/usr/local/texlive/2026/texmf-dist/tex/generic/pgf/frontendlayer/tikz/librarie
s/tikzlibraryshapes.misc.code.tex
File: tikzlibraryshapes.misc.code.tex 2025-08-29 v3.1.11a (3.1.11a)

(/usr/local/texlive/2026/texmf-dist/tex/generic/pgf/libraries/shapes/pgflibrary
shapes.misc.code.tex
File: pgflibraryshapes.misc.code.tex 2025-08-29 v3.1.11a (3.1.11a)
))
(/usr/local/texlive/2026/texmf-dist/tex/generic/pgf/libraries/pgflibraryarrows.
meta.code.tex
File: pgflibraryarrows.meta.code.tex 2025-08-29 v3.1.11a (3.1.11a)
\pgfarrowinset=\dimen358
\pgfarrowlength=\dimen359
\pgfarrowwidth=\dimen360
\pgfarrowlinewidth=\dimen361
)
(/usr/local/texlive/2026/texmf-dist/tex/generic/pgf/frontendlayer/tikz/librarie
s/tikzlibrarypositioning.code.tex
File: tikzlibrarypositioning.code.tex 2025-08-29 v3.1.11a (3.1.11a)
)
(/usr/local/texlive/2026/texmf-dist/tex/generic/pgf/frontendlayer/tikz/librarie
s/tikzlibraryshadows.code.tex
File: tikzlibraryshadows.code.tex 2025-08-29 v3.1.11a (3.1.11a)
)
(/usr/local/texlive/2026/texmf-dist/tex/generic/pgf/frontendlayer/tikz/librarie
s/tikzlibrarycalc.code.tex
File: tikzlibrarycalc.code.tex 2025-08-29 v3.1.11a (3.1.11a)
)
(/usr/local/texlive/2026/texmf-dist/tex/generic/pgf/frontendlayer/tikz/librarie
s/tikzlibraryfit.code.tex
File: tikzlibraryfit.code.tex 2025-08-29 v3.1.11a (3.1.11a)
)
(/usr/local/texlive/2026/texmf-dist/tex/generic/pgf/frontendlayer/tikz/librarie
s/tikzlibrarybackgrounds.code.tex
File: tikzlibrarybackgrounds.code.tex 2025-08-29 v3.1.11a (3.1.11a)
\pgf@layerbox@background=\box96
\pgf@layerboxsaved@background=\box97
)
(/usr/local/texlive/2026/texmf-dist/tex/generic/pgf/frontendlayer/tikz/librarie
s/tikzlibrary3d.code.tex
File: tikzlibrary3d.code.tex 2025-08-29 v3.1.11a (3.1.11a)
)
(/usr/local/texlive/2026/texmf-dist/tex/latex/amscls/amsthm.sty
Package: amsthm 2020/05/29 v2.20.6
\thm@style=\toks57
\thm@bodyfont=\toks58
\thm@headfont=\toks59
\thm@notefont=\toks60
\thm@headpunct=\toks61
\thm@preskip=\skip108
\thm@postskip=\skip109
\thm@headsep=\skip110
\dth@everypar=\toks62
)
(/usr/local/texlive/2026/texmf-dist/tex/latex/base/makeidx.sty
Package: makeidx 2021/10/04 v1.0m Standard LaTeX package
)
(/usr/local/texlive/2026/texmf-dist/tex/latex/qrcode/qrcode.sty
Package: qrcode 2015/01/08 v1.51 QR code generation
\c@qr@i=\count538
\c@qr@j=\count539
\qr@a=\count540
\qr@b=\count541
\qr@c=\count542
\qr@for@depth=\count543
\qr@for@maxdepth=\count544
\qr@for@start=\count545
\qr@for@end=\count546
\qr@for@step=\count547
\qr@newforcount=\count548
\qr@newforcount=\count549
\qr@desiredheight=\skip111
\qr@modulesize=\skip112
\qr@minipagewidth=\skip113
\c@maski=\count550
\c@maskj=\count551
\c@totalones=\count552
\c@penaltyi=\count553
\c@penaltyii=\count554
\c@penaltyiii=\count555
\c@penaltyiv=\count556
\c@qr@hexchars=\count557
\qr@newforcount=\count558
\c@qr@divisionsremaining=\count559
)
(/usr/local/texlive/2026/texmf-dist/tex/latex/fontawesome5/fontawesome5.sty
Package: fontawesome5 2022/05/02 v5.15.4 Font Awesome 5

(/usr/local/texlive/2026/texmf-dist/tex/latex/fontawesome5/fontawesome5-utex-he
lper.sty
Package: fontawesome5-utex-helper 2022/05/02 v5.15.4 uTeX helper for fontawesom
e5

(/usr/local/texlive/2026/texmf-dist/tex/luatex/luatexbase/luatexbase.sty
Package: luatexbase 2015/10/04 v1.3 luatexbase interface to LuaTeX 

(/usr/local/texlive/2026/texmf-dist/tex/luatex/ctablestack/ctablestack.sty
Package: ctablestack 2015/10/01 v1.0 Catcode table stable support
\@catcodetablestackcnt=\count560
)
\CatcodeTableOther=\catcodetable15
\CatcodeTableExpl=\catcodetable16
)
LaTeX Font Info:    Trying to load font information for TU+fontawesomefree on i
nput line 69.

(/usr/local/texlive/2026/texmf-dist/tex/latex/fontawesome5/tufontawesomefree.fd
)
LaTeX Font Info:    Trying to load font information for TU+fontawesomebrands on
 input line 70.

(/usr/local/texlive/2026/texmf-dist/tex/latex/fontawesome5/tufontawesomebrands.
fd))) (/Users/simonknight/dev/papers/sk-domains.def
\c@axiom=\count561
\c@theorem=\count562
\c@proposition=\count563
))
\@indexfile=\write5

\openout5 = cliscrape-techreport.idx

Writing index file cliscrape-techreport.idx
(/usr/local/texlive/2026/texmf-dist/tex/latex/titlesec/titlesec.sty
Package: titlesec 2025/01/04 v2.17 Sectioning titles
\ttl@box=\box98
\beforetitleunit=\skip114
\aftertitleunit=\skip115
\ttl@plus=\dimen362
\ttl@minus=\dimen363
\ttl@toksa=\toks63
\titlewidth=\dimen364
\titlewidthlast=\dimen365
\titlewidthfirst=\dimen366
)
(/usr/local/texlive/2026/texmf-dist/tex/latex/titlesec/titletoc.sty
Package: titletoc 2025/01/04 v2.17 TOC entries
\ttl@leftsep=\dimen367
)
(/usr/local/texlive/2026/texmf-dist/tex/latex/fancyhdr/fancyhdr.sty
Package: fancyhdr 2025/02/07 v5.2 Extensive control of page headers and footers

\f@nch@headwidth=\skip116
\f@nch@offset@elh=\skip117
\f@nch@offset@erh=\skip118
\f@nch@offset@olh=\skip119
\f@nch@offset@orh=\skip120
\f@nch@offset@elf=\skip121
\f@nch@offset@erf=\skip122
\f@nch@offset@olf=\skip123
\f@nch@offset@orf=\skip124
\f@nch@height=\skip125
\f@nch@footalignment=\skip126
\f@nch@widthL=\skip127
\f@nch@widthC=\skip128
\f@nch@widthR=\skip129
\@temptokenb=\toks64
)
(./gitinfo.tex)
\c@tcb@cnt@designbox=\count564
) (./sk-diagrams.tex)
\@quotelevel=\count565
\@quotereset=\count566
 (./cliscrape-techreport.aux)
\openout1 = cliscrape-techreport.aux

LaTeX Font Info:    Checking defaults for OML/cmm/m/it on input line 9.
LaTeX Font Info:    ... okay on input line 9.
LaTeX Font Info:    Checking defaults for OMS/cmsy/m/n on input line 9.
LaTeX Font Info:    ... okay on input line 9.
LaTeX Font Info:    Checking defaults for OT1/cmr/m/n on input line 9.
LaTeX Font Info:    ... okay on input line 9.
LaTeX Font Info:    Checking defaults for T1/cmr/m/n on input line 9.
LaTeX Font Info:    ... okay on input line 9.
LaTeX Font Info:    Checking defaults for TS1/cmr/m/n on input line 9.
LaTeX Font Info:    ... okay on input line 9.
LaTeX Font Info:    Checking defaults for TU/lmr/m/n on input line 9.
LaTeX Font Info:    ... okay on input line 9.
LaTeX Font Info:    Checking defaults for OMX/cmex/m/n on input line 9.
LaTeX Font Info:    ... okay on input line 9.
LaTeX Font Info:    Checking defaults for U/cmr/m/n on input line 9.
LaTeX Font Info:    ... okay on input line 9.
LaTeX Font Info:    Checking defaults for PD1/pdf/m/n on input line 9.
LaTeX Font Info:    ... okay on input line 9.
LaTeX Font Info:    Checking defaults for PU/pdf/m/n on input line 9.
LaTeX Font Info:    ... okay on input line 9.

*geometry* driver: auto-detecting
*geometry* detected driver: luatex
*geometry* verbose mode - [ preamble ] result:
* driver: luatex
* paper: a4paper
* layout: <same size as paper>
* layoutoffset:(h,v)=(0.0pt,0.0pt)
* modes: 
* h-part:(L,W,R)=(56.9055pt, 441.01773pt, 99.58464pt)
* v-part:(T,H,B)=(56.9055pt, 731.23584pt, 56.9055pt)
* \paperwidth=597.50787pt
* \paperheight=845.04684pt
* \textwidth=441.01773pt
* \textheight=731.23584pt
* \oddsidemargin=-15.36449pt
* \evensidemargin=-15.36449pt
* \topmargin=-62.36449pt
* \headheight=22.0pt
* \headsep=25.0pt
* \topskip=10.0pt
* \footskip=30.0pt
* \marginparwidth=68.28644pt
* \marginparsep=8.5359pt
* \columnsep=10.0pt
* \skip\footins=9.0pt plus 4.0pt minus 2.0pt
* \hoffset=0.0pt
* \voffset=0.0pt
* \mag=1000
* \@twocolumnfalse
* \@twosidefalse
* \@mparswitchfalse
* \@reversemarginfalse
* (1in=72.27pt=25.4mm, 1cm=28.453pt)


Package unicode-math Warning: Using \overbracket and \underbracket from
(unicode-math)                `mathtools' package.
(unicode-math)                 
(unicode-math)                 Use \Uoverbracket and \Uunderbracket for
(unicode-math)                original `unicode-math' definition.


Package unicode-math Warning: I'm going to overwrite the following commands
(unicode-math)                from the `mathtools' package: 
(unicode-math)                 
(unicode-math)                     \dblcolon, \coloneqq, \Coloneqq, \eqqcolon.
(unicode-math)                
(unicode-math)                 
(unicode-math)                 Note that since I won't overwrite the other
(unicode-math)                colon-like commands, using them will lead to
(unicode-math)                inconsistencies.

Package microtype Info: Patching varwidth to enable character protrusion.
\MT@vwid@leftmargin=\dimen368
\MT@vwid@rightmargin=\dimen369
LaTeX Info: Redefining \microtypecontext on input line 9.
Package microtype Info: Applying patch `item' on input line 9.
Package microtype Info: Applying patch `toc' on input line 9.
Package microtype Info: Applying patch `eqnum' on input line 9.
Package microtype Info: Applying patch `footnote' on input line 9.
Package microtype Info: Applying patch `verbatim' on input line 9.
LaTeX Info: Redefining \microtypesetup on input line 9.
Package microtype Info: Generating PDF output.
Package microtype Info: Character protrusion enabled (level 2).
Package microtype Info: Using default protrusion set `alltext'.
Package microtype Info: Automatic font expansion enabled (level 2),
(microtype)             stretch: 20, shrink: 20, step: 1, non-selected.
Package microtype Info: Using default expansion set `alltext-nott'.
Package microtype Info: Patching command `\showhyphens'.
Package microtype Info: No adjustment of tracking.
Package microtype Info: No adjustment of spacing.
Package microtype Info: No adjustment of kerning.
Package microtype Info: Loading generic protrusion settings for font family
(microtype)             `LibertinusSerif' (encoding: TU).
(microtype)             For optimal results, create family-specific settings.
(microtype)             See the microtype manual for details.
\c@lstlisting=\count567
Package caption Info: Begin \AtBeginDocument code.
Package caption Info: float package is loaded.
Package caption Info: hyperref package is loaded.
Package caption Info: longtable package is loaded.
(/usr/local/texlive/2026/texmf-dist/tex/latex/caption/ltcaption.sty
Package: ltcaption 2021/01/08 v1.4c longtable captions (AR)
)
Package caption Info: End \AtBeginDocument code.

(/usr/local/texlive/2026/texmf-dist/tex/context/base/mkii/supp-pdf.mkii
[Loading MPS to PDF converter (version 2006.09.02).]
\scratchcounter=\count568
\scratchdimen=\dimen370
\scratchbox=\box99
\nofMPsegments=\count569
\nofMParguments=\count570
\everyMPshowfont=\toks65
\MPscratchCnt=\count571
\MPscratchDim=\dimen371
\MPnumerator=\count572
\makeMPintoPDFobject=\count573
\everyMPtoPDFconversion=\toks66
) (/usr/local/texlive/2026/texmf-dist/tex/latex/epstopdf-pkg/epstopdf-base.sty
Package: epstopdf-base 2020-01-24 v2.11 Base part for package epstopdf
Package epstopdf-base Info: Redefining graphics rule for `.eps' on input line 4
85.

(/usr/local/texlive/2026/texmf-dist/tex/latex/latexconfig/epstopdf-sys.cfg
File: epstopdf-sys.cfg 2010/07/13 v1.3 Configuration of (r)epstopdf for TeX Liv
e
))
Package pgfplots notification 'compat/show suggested version=true': document ha
s been generated with the most recent feature set (\pgfplotsset{compat=1.18}).

Package biblatex Info: Trying to load language 'english'...
Package biblatex Info: ... file 'english.lbx' found.
(/usr/local/texlive/2026/texmf-dist/tex/latex/biblatex/lbx/english.lbx
File: english.lbx 2025/07/10 v3.21 biblatex localization (PK/MW)
)
Package biblatex Info: LuaTeX detected.
(biblatex)             Assuming input encoding 'utf8'.
Package biblatex Info: Automatic encoding selection.
(biblatex)             Assuming data encoding 'utf8'.

\openout4 = cliscrape-techreport.bcf
Package biblatex Info: Trying to load bibliographic data...
Package biblatex Info: ... file 'cliscrape-techreport.bbl' found.

(./cliscrape-techreport.bbl)
Package biblatex Info: Reference section=0 on input line 9.
Package biblatex Info: Reference segment=0 on input line 9.
Package hyperref Info: Option `colorlinks' set `true' on input line 9.
Package hyperref Info: Link coloring ON on input line 9.
LaTeX Font Info:    Font shape `TU/LibertinusSerif(0)/m/n' will be
(Font)              scaled to size 9.0pt on input line 53.
LaTeX Font Info:    Font shape `TU/LibertinusSerif(0)/b/n' will be
(Font)              scaled to size 9.0pt on input line 53.
LaTeX Font Info:    Font shape `TU/LibertinusSerif(0)/m/n' will be
(Font)              scaled to size 12.0pt on input line 53.
LaTeX Font Info:    Font shape `TU/LibertinusSerif(0)/b/n' will be
(Font)              scaled to size 12.0pt on input line 53.
LaTeX Font Info:    Font shape `TU/LibertinusSerif(0)/m/n' will be
(Font)              scaled to size 24.88pt on input line 53.
LaTeX Font Info:    Font shape `TU/LibertinusSerif(0)/b/n' will be
(Font)              scaled to size 24.88pt on input line 53.
LaTeX Font Info:    Font shape `TU/LibertinusSerif(0)/m/n' will be
(Font)              scaled to size 14.4pt on input line 53.
Package microtype Info: Loading generic protrusion settings for font family
(microtype)             `LibertinusMath-Regular.otf' (encoding: TU).
(microtype)             For optimal results, create family-specific settings.
(microtype)             See the microtype manual for details.
LaTeX Font Info:    Font shape `TU/LibertinusSans(0)/m/n' will be
(Font)              scaled to size 9.0pt on input line 53.
Package microtype Info: Loading generic protrusion settings for font family
(microtype)             `LibertinusSans' (encoding: TU).
(microtype)             For optimal results, create family-specific settings.
(microtype)             See the microtype manual for details.
LaTeX Font Info:    Font shape `TU/LibertinusSans(0)/b/n' will be
(Font)              scaled to size 9.0pt on input line 53.
LaTeX Font Info:    Font shape `TU/LibertinusSerif(0)/m/n' will be
(Font)              scaled to size 5.0pt on input line 53.
LaTeX Font Info:    Font shape `TU/LibertinusSans(0)/m/n' will be
(Font)              scaled to size 5.0pt on input line 53.
LaTeX Font Info:    Font shape `TU/LibertinusSerif(0)/b/n' will be
(Font)              scaled to size 10.0pt on input line 53.
 [1

{/usr/local/texlive/2026/texmf-var/fonts/map/pdftex/updmap/pdftex.map}]
Inserting `luaotfload.letterspace' in `pre_linebreak_filter'.
Inserting `luaotfload.letterspace' in `hpack_filter'. (./cliscrape-techreport.t
oc)
\tf@toc=\write6

\openout6 = cliscrape-techreport.toc
 [1]
Package marginnote Info: Using workaround for absolute page number on input lin
e 66.
LaTeX Font Info:    Font shape `TU/LibertinusMono(0)/m/n' will be
(Font)              scaled to size 8.66669pt on input line 78.
Package microtype Info: Loading generic protrusion settings for font family
(microtype)             `LibertinusMono' (encoding: TU).
(microtype)             For optimal results, create family-specific settings.
(microtype)             See the microtype manual for details.
Package microtype Info: Character `guilsinglleft ' is missing
(microtype)             in font `TU/LibertinusMono(0)/m/n/10'.
(microtype)             Ignoring protrusion settings for this character.
Package microtype Info: Character `guilsinglright ' is missing
(microtype)             in font `TU/LibertinusMono(0)/m/n/10'.
(microtype)             Ignoring protrusion settings for this character.
LaTeX Font Info:    Font shape `TU/LibertinusSans(0)/m/n' will be
(Font)              scaled to size 10.0pt on input line 99.
LaTeX Font Info:    Font shape `TU/LibertinusSans(0)/b/n' will be
(Font)              scaled to size 10.0pt on input line 99.
LaTeX Font Info:    Font shape `TU/LibertinusSans(0)/m/n' will be
(Font)              scaled to size 8.0pt on input line 99.
LaTeX Font Info:    Font shape `TU/LibertinusSerif(0)/m/n' will be
(Font)              scaled to size 7.0pt on input line 104.
Package acronym Info: Label `acro:JSON' newly defined as it shall be overridden

although it is yet undefined on input line 106.
LaTeX Font Info:    Font shape `TU/LibertinusMono(0)/m/n' will be
(Font)              scaled to size 7.80002pt on input line 109.
Package microtype Info: Character `guilsinglleft ' is missing
(microtype)             in font `TU/LibertinusMono(0)/m/n/9'.
(microtype)             Ignoring protrusion settings for this character.
Package microtype Info: Character `guilsinglright ' is missing
(microtype)             in font `TU/LibertinusMono(0)/m/n/9'.
(microtype)             Ignoring protrusion settings for this character.

(/usr/local/texlive/2026/texmf-dist/tex/latex/listings/lstlang1.sty
File: lstlang1.sty 2025/11/14 1.11b listings language file
)
(/usr/local/texlive/2026/texmf-dist/tex/latex/listings/lstlang1.sty
File: lstlang1.sty 2025/11/14 1.11b listings language file
)
LaTeX Font Info:    Font shape `TU/LibertinusSerif(0)/m/n' will be
(Font)              scaled to size 8.5pt on input line 120.
LaTeX Font Info:    Font shape `TU/LibertinusMono(0)/m/n' will be
(Font)              scaled to size 7.36668pt on input line 120.
Package microtype Info: Character `guilsinglleft ' is missing
(microtype)             in font `TU/LibertinusMono(0)/m/n/8.5'.
(microtype)             Ignoring protrusion settings for this character.
Package microtype Info: Character `guilsinglright ' is missing
(microtype)             in font `TU/LibertinusMono(0)/m/n/8.5'.
(microtype)             Ignoring protrusion settings for this character.
LaTeX Font Info: \kern \lst@width \kern \lst@width \kern \lst@width Calculating
\kern \lst@width math\kern \lst@width sizes\kern \lst@width for\kern \lst@width
 size\kern \lst@width <8.5> on input line 121.
Package acronym Info: Label `acro:FSM' newly defined as it shall be overridden
although it is yet undefined on input line 127.
 [2

]
LaTeX Font Info:    Font shape `TU/LibertinusMono(0)/b/n' will be
(Font)              scaled to size 8.66669pt on input line 203.
Package microtype Info: Character `guilsinglleft ' is missing
(microtype)             in font `TU/LibertinusMono(0)/b/n/10'.
(microtype)             Ignoring protrusion settings for this character.
Package microtype Info: Character `guilsinglright ' is missing
(microtype)             in font `TU/LibertinusMono(0)/b/n/10'.
(microtype)             Ignoring protrusion settings for this character.
Package marginnote Info: Margin note 5.1 is on absolute page 5 on input line 21
2.
Package marginnote Info: right page because not two side mode on input line 212
.
Package marginnote Info: xpos seems to be 56.9055pt on input line 212.
LaTeX Font Info:    Font shape `TU/LibertinusSerif(0)/m/it' will be
(Font)              scaled to size 7.0pt on input line 212.
LaTeX Font Info:    Font shape `TU/LibertinusSerif(0)/m/it' will be
(Font)              scaled to size 8.0pt on input line 212.
LaTeX Font Info:    Font shape `TU/LibertinusSerif(0)/b/it' will be
(Font)              scaled to size 8.0pt on input line 212.
LaTeX Font Info:    Font shape `TU/LibertinusMono(0)/m/it' will be
(Font)              scaled to size 6.93335pt on input line 212.
Package microtype Info: Character `guilsinglleft ' is missing
(microtype)             in font `TU/LibertinusMono(0)/m/it/8'.
(microtype)             Ignoring protrusion settings for this character.
Package microtype Info: Character `guilsinglright ' is missing
(microtype)             in font `TU/LibertinusMono(0)/m/it/8'.
(microtype)             Ignoring protrusion settings for this character.

[3] [4]
Package acronym Info: Label `acro:TUI' newly defined as it shall be overridden
although it is yet undefined on input line 314.
 [5] [6]
LaTeX Font Info:    Font shape `TU/LibertinusSerif(0)/m/it' will be
(Font)              scaled to size 10.0pt on input line 421.
 [7] (./cliscrape-techreport.ind) [8

]
(./cliscrape-techreport.aux)
 ***********
LaTeX2e <2025-11-01>
L3 programming layer <2026-01-19>
 ***********
Package logreq Info: Writing requests to 'cliscrape-techreport.run.xml'.

\openout1 = cliscrape-techreport.run.xml
)

Here is how much of LuaTeX's memory you used:
 69327 strings out of 476076
 244284,2848258 words of node,token memory allocated
 1510 words of node memory still in use:
   30 hlist, 2 vlist, 14 rule, 2 glue, 4 kern, 1 glyph, 82 attribute, 95 glue_sp
ec, 82 attribute_list, 2 write, 24 pdf_literal, 2 pdf_action, 24 pdf_colorstack 
nodes
   avail lists: 1:8,2:4761,3:1652,4:4535,5:4114,6:92,7:10662,8:46,9:8564,10:32,1
1:834
 90245 multiletter control sequences out of 65536+600000
 136 fonts using 47240587 bytes
 117i,11n,143p,1212b,1343s stack positions out of 10000i,1000n,20000p,200000b,200000s
</usr/local/texlive/2026/texmf-dist/fonts/opentype/public/libertinus-fonts/Liber
tinusSerif-Italic.otf></usr/local/texlive/2026/texmf-dist/fonts/opentype/public/
libertinus-fonts/LibertinusSerif-BoldItalic.otf></usr/local/texlive/2026/texmf-d
ist/fonts/opentype/public/libertinus-fonts/LibertinusMono-Regular.otf></usr/loca
l/texlive/2026/texmf-dist/fonts/opentype/public/libertinus-fonts/LibertinusMath-
Regular.otf></usr/local/texlive/2026/texmf-dist/fonts/opentype/public/libertinus
-fonts/LibertinusSans-Regular.otf></usr/local/texlive/2026/texmf-dist/fonts/open
type/public/libertinus-fonts/LibertinusSans-Bold.otf></usr/local/texlive/2026/te
xmf-dist/fonts/opentype/public/libertinus-fonts/LibertinusMath-Regular.otf></usr
/local/texlive/2026/texmf-dist/fonts/opentype/public/libertinus-fonts/Libertinus
Serif-Regular.otf></usr/local/texlive/2026/texmf-dist/fonts/opentype/public/libe
rtinus-fonts/LibertinusSerif-Bold.otf>
Output written on cliscrape-techreport.pdf (9 pages, 103483 bytes).

PDF statistics: 357 PDF objects out of 1000 (max. 8388607)
 268 compressed objects within 3 object streams
 63 named destinations out of 1000 (max. 1048576)
 448 words of extra memory for PDF output out of 10000 (max. 100000000)

